,SMILES,Substrate
0,CCCCCCCCC/C(C)=C\CC/C=C/[C@@H](O)[C@@H](N)CO,1
1,C[C@]12CC[C@@H]3c4ccc(O)cc4CC[C@H]3[C@@H]1CCC2=O,1
2,COc1cc([C@@H]2c3cc4c(cc3[C@@H](O[C@@H]3O[C@@H]5CO[C@@H](c6cccs6)O[C@H]5[C@H](O)[C@H]3O)[C@H]3COC(=O)[C@H]23)OCO4)cc(OC)c1O,1
3,C[C@]12[C@@H](O)C[C@@]3(C)[C@@H](C[C@H]4O[C@@H](C5CCCCC5)O[C@]43C(=O)CO)[C@@H]1CCC1=CC(=O)C=C[C@]12C,1
4,CC[C@H]1OC(=O)[C@H](C)[C@@H](O[C@H]2C[C@@](C)(OC)[C@@H](O)[C@H](C)O2)[C@H](C)[C@@H](O[C@@H]2O[C@H](C)C[C@H](N(C)C)[C@H]2O)[C@](C)(O)C[C@@H](C)CN(C)[C@H](C)[C@@H](O)[C@]1(C)O,1
5,COc1cccc2c1C(=O)c1c(O)c3c(c(O)c1C2=O)C[C@@](O)(/C(C)=N/NC(=O)c1ccccc1)C[C@@H]3O[C@H]1C[C@H](N)[C@@H](O)[C@H](C)O1,1
6,O=C(c1ccc(OCCN2CCCCC2)cc1)c1c(-c2ccc(O)cc2)sc2cc(O)ccc12,1
7,O=C(O)COCCN1CCN([C@H](c2ccccc2)c2ccc(Cl)cc2)CC1,1
8,CC[C@H]1CN2CCc3cc(OC)c(OC)cc3[C@@H]2C[C@@H]1C[C@H]1NCCc2cc(O)c(OC)cc21,1
9,C/C=C1\NC(=O)[C@H]2CSSCC/C=C\[C@H](CC(=O)N[C@H](C(C)C)C(=O)N2)OC(=O)[C@H](C(C)C)NC1=O,1
10,COc1ccc2c(c1)CCC[C@H]2CCCN1CCc2cc(OC)c(OC)cc2C1,1
11,CN1CC=CCC1,1
12,CC[C@H](C)[C@H]1O[C@]2(C=C[C@@H]1C)C[C@@H]1C[C@@H](C/C=C(\C)[C@@H](O[C@H]3C[C@H](OC)[C@@H](O[C@H]4C[C@H](OC)[C@@H](O)[C@H](C)O4)[C@H](C)O3)[C@@H](C)/C=C/C=C3\CO[C@@H]4[C@H](O)C(C)=C[C@@H](C(=O)O1)[C@]34O)O2,1
13,O=C1Cc2cc(CCN3CCN(c4nsc5ccccc45)CC3)c(Cl)cc2N1,1
14,C=C[C@H]1CN2CC[C@H]1C[C@H]2[C@H](O)c1ccnc2ccccc12,1
15,COc1c(C[C@H](C)OC(=O)Oc2ccc(O)cc2)c2c3c(C[C@H](C)OC(=O)c4ccccc4)c(OC)c(=O)c4c(O)cc(OC)c(c5c(OC)cc(O)c(c1=O)c52)c43,1
16,CC(=O)OCOC(=O)CN(CC(=O)OCOC(C)=O)c1ccc(C)cc1OCCOc1cc(-c2c3cc(Cl)c(=O)cc-3oc3cc(O)c(Cl)cc23)ccc1N(CC(=O)OCOC(C)=O)CC(=O)OCOC(C)=O,1
17,O=C(N[C@H](/C=C/S(=O)(=O)c1ccccc1)CCc1ccccc1)[C@H](Cc1ccccc1)NC(=O)N1CCOCC1,1
18,Cn1c2ccccc2[n+]2c3ccccc3c(NCCCn3ccnc3)c(C#N)c12,1
19,CC[C@@H]1C[N@+]2(CCCC3(C)N=N3)[C@H]3C[C@@]45c6ccccc6N(C)[C@@H]4[C@@H]2C[C@@H]1[C@@H]3[C@@H]5O,1
20,COc1ccc2[nH]c3c(C)c4ccnc(NCCCN(C)CCCNC(=O)NCCCN(C)CCCNc5nccc6c(C)c7[nH]c8ccc(OC)cc8c7c(C)c56)c4c(C)c3c2c1,1
21,CC[C@H](C)[C@H]1C(=O)O[C@H](C(C)C)C(=O)N(C)[C@@H](C(C)C)C(=O)O[C@H](C(C)C)C(=O)N(C)[C@@H](C(C)C)C(=O)O[C@H](C(C)C)C(=O)N1C,1
22,Cc1cnc(NCCCN(C)C)c2c1[nH]c1ccc3cc(O)ccc3c12,1
23,COc1ccc(CCN2CCC(Nc3nc4ccccc4n3Cc3ccc(F)cc3)CC2)cc1,1
24,CC[C@H](C)[C@H]1O[C@]2(C=C[C@@H]1C)C[C@@H]1C[C@@H](C/C=C(/C)[C@@H](O[C@H]3C[C@H](OC)[C@@H](O[C@H]4C[C@H](OC)[C@H](NC(C)=O)[C@H](C)O4)[C@H](C)O3)[C@@H](C)/C=C/C=C3\CO[C@@H]4[C@H](O)C(C)=C[C@@H](C(=O)O1)[C@]34O)O2,1
25,CN(C)c1ccc2c(-c3ccccc3)c3ccc(N(C)C)cc3[o+]c2c1,1
26,O=C(CCCN1CCC2(CC1)C(=O)NCN2c1ccccc1)c1ccc(F)cc1,1
27,COCOc1ccc2c(c1)[C@@H]1OC(=O)O[C@]13CCC(C)=C(CO2)C3(C)C,1
28,c1cc2c3c(c1)c1cc4c(cc1c[n+]3CC2)OCO4,1
29,c1ccc(P(c2ccccc2)c2ccccc2)cc1,1
30,CC[C@]1(O)C[C@@H]2CN(CCc3c([nH]c4ccccc34)[C@@](C(=O)OC)(c3cc4c(cc3OC)N(C)[C@H]3[C@@](O)(C(=O)OC)[C@H](OC(C)=O)[C@]5(CC)C=CCN6CC[C@]43[C@@H]65)C2)C1,1
31,COc1ccc2cc3[n+](cc2c1OC)CCc1cc2c(cc1-3)OCO2,1
32,C[C@H]1O[C@@H](O[C@H]2[C@@H](O)C[C@H](O[C@H]3[C@@H](O)C[C@H](O[C@H]4CC[C@@]5(C)[C@H](CC[C@@H]6[C@@H]5C[C@@H](O)[C@]5(C)[C@@H](C7=CC(=O)OC7)CC[C@]65O)C4)O[C@@H]3C)O[C@@H]2C)C[C@H](O)[C@@H]1O,1
33,CCCCCCCCC/C=C/CC/C=C/[C@@H](O)[C@@H](N)CO,1
34,C[C@]12CC[C@H](O)C[C@H]1CC[C@@H]1[C@@H]2C[C@@H](O)[C@]2(C)[C@@H](C3=CC(=O)OC3)CC[C@]12O,1
35,Cc1c(OCC(F)(F)F)ccnc1C[S@@](=O)c1nc2ccccc2[nH]1,1
36,O=c1c(Cc2ccc(O)cc2)nc2c(Cc3ccccc3)[nH]c(-c3ccc(O)cc3)cn1-2,1
37,CCCC[N+](C)(CCCC)CCCC,1
38,C/C=C(\N=C=S)C(=O)O[C@H]1[C@H](O[C@@H]2C[C@H](OC)[C@](O)([C@@H](C)OC(=O)[C@H](C)CC)[C@@H](C)O2)[C@@H](O)[C@H]([C@]2(O)CC(=O)C(=N)[C@@H](C(=O)O)C2=O)O[C@@H]1COC(C)=O,1
39,CCCCCCCCC[n+]1cccc([C@@H]2C(C(=O)OCC)=C(C)N=C(C)[C@H]2C(=O)OCC)c1,1
40,Cc1c2oc3c(C)ccc(C(=O)N[C@@H]4C(=O)N[C@H](C(C)C)C(=O)N5CCC[C@H]5C(=O)N(C)CC(=O)N(C)[C@@H](C(C)C)C(=O)O[C@@H]4C)c3nc-2c(C(=O)N[C@@H]2C(=O)N[C@H](C(C)C)C(=O)N3CCC[C@H]3C(=O)N(C)CC(=O)N(C)[C@@H](C(C)C)C(=O)O[C@@H]2C)c(N)c1=O,1
41,CCCCC[C@H](O)/C=C/[C@H]1C=CC(=O)[C@@H]1C/C=C/CCCC(=O)O,1
42,COc1ccc2c(c1)C(CCCN1CCc3cc(OC)c(OC)cc3C1)=CCC2,1
43,CC(=O)N[C@@H](CC(C)C)C(=O)N[C@@H](CC(C)C)C(=O)N[C@H](C=O)CCCNC(=N)N,1
44,CCC(=O)O[C@]1(C(=O)SCF)[C@H](C)C[C@H]2[C@@H]3C[C@H](F)C4=CC(=O)C=C[C@]4(C)[C@@]3(F)[C@@H](O)C[C@@]21C,1
45,C[C@]12CCC(=O)C=C1[C@H](O)C[C@@H]1[C@@H]2[C@@H](O)C[C@@]2(C)[C@H]1CC[C@]2(O)C(=O)CO,1
46,N#C[C@@H]1C[C@@H]2C[C@@H]2N1C(=O)[C@@H](N)[C@@]12C[C@@H]3C[C@@H](C[C@@](O)(C3)C1)C2,1
47,COc1ccc(Cl)cc1C(=O)NCCc1ccc(S(=O)(=O)N/C(=N/C2CCCCC2)NC#N)cc1,1
48,CC(=O)O[C@H]1C(=O)[C@]2(C)[C@@H](O)C[C@H]3OC[C@@]3(OC(C)=O)[C@@H]2[C@@H](OC(=O)c2ccccc2)[C@]2(O)C[C@H](OC(=O)[C@H](O)[C@H](NC(=O)c3ccccc3)c3ccc4ccccc4c3)C(C)=C1C2(C)C,1
49,C[C@H]1C[C@@H]2[C@H]([C@@H](O)C[C@@]3(C)[C@H]2CC[C@]3(O)C(=O)CO)[C@@]2(C)C=CC(=O)C=C12,1
50,COc1cc2nc(N3CCN(C(=O)c4ccc(N=[N+]=[N-])c(I)c4)CC3)nc(N)c2cc1OC,1
51,OCCO[P+]1(OCCO)n2c3ccc2/C(c2ccccc2)=C2\C=CC(=N2)/C(c2ccccc2)=c2/cc/c(n21)=C(\c1ccccc1)C1=N/C(=C\3c2ccccc2)C=C1,1
52,CC(C)C[C@@H](C=O)NC(=O)[C@H](CC(C)C)NC(=O)[C@H](CC(C)C)NC(=O)OCc1ccccc1,1
53,COc1cc2c(c(O)c1O)-c1ccc(OC)c(=O)cc1[C@@H](NC(C)=O)CC2,1
54,Cc1c(F)c(N2CCN[C@H](C)C2)cc2c1c(=O)c(C(=O)O)cn2C1CC1,1
55,CN(C)CCn1c(=O)c2ccc3c4c(nn3CCN(C)C)c3ccccc3n(c1=O)c24,1
56,CCN(CC)CCOc1ccc(/C(=C(\Cl)c2ccccc2)c2ccccc2)cc1,1
57,CC1(C)SSC(C)(C)[C@@H](NC(=O)[C@@H](N)Cc2ccc(O)cc2)C(=O)NCC(=O)N[C@@H](Cc2ccccc2)C(=O)N[C@H]1C(=O)O,1
58,C=C[C@@H]1C[C@]1(NC(=O)[C@@H]1C[C@@H](Oc2cc(-c3ccccc3)nc3cc(OC)ccc23)CN1C(=O)[C@@H](NC(=O)OC(C)(C)C)C(C)(C)C)c1nnc(-c2ccccc2)o1,1
59,CC(C)(C(=O)O)c1ccc(C(=O)CCCN2CCC(OC(c3ccccc3)c3ccccc3)CC2)cc1,1
60,C=C[C@H]1CN2CC[C@H]1C[C@@H]2[C@@H](O)c1ccnc2ccc(OC)cc12,1
61,CC[C@H]1OC(=O)[C@H](C)[C@@H](O[C@H]2C[C@@](C)(OC)[C@@H](O)[C@H](C)O2)[C@H](C)[C@@H](O[C@@H]2O[C@H](C)C[C@H](N(C)C)[C@H]2O)[C@](C)(O)C[C@@H](C)C(=O)[C@H](C)[C@@H](O)[C@]1(C)O,1
62,COC(=O)[C@H]1[C@H]2C[C@@H]3c4[nH]c5cc(OC)ccc5c4CCN3C[C@H]2C[C@@H](OC(=O)c2cc(OC)c(OC)c(OC)c2)[C@@H]1OC,1
63,CC(C)=CC(=O)O[C@H]1[C@H]2OC(=O)C[C@H]3[C@@H](C)[C@@H](O)[C@@]4(O)OC[C@@]23[C@@H]4[C@]2(C)[C@H](O)[C@H](O)C=C(C)[C@@H]12,1
64,COc1cc2c(c(OC)c1OC)-c1ccc(OC)c(=O)cc1[C@@H](NC(C)=O)CC2,1
65,Cc1nc2n(c(=O)c1CCN1CCC(c3noc4cc(F)ccc34)CC1)C[C@H](O)CC2,1
66,COc1cc(C(=O)N[C@H]2CCc3cc(OC)c(OC)c(OC)c3-c3ccc(OC)c(=O)cc32)cc(OC)c1OC,1
67,CC(=O)OCC(CCn1cnc2cnc(N)nc21)COC(C)=O,1
68,COc1cc([C@@H]2c3cc4c(cc3[C@@H](O[C@@H]3O[C@@H]5CO[C@@H](C)O[C@H]5[C@H](O)[C@H]3O)[C@H]3COC(=O)[C@H]23)OCO4)cc(OC)c1O,1
69,CCCCCCCCC/C=C/CCCC[C@@H](O)[C@@H](N)CO,1
70,C[C@]12CC[C@@H]3c4ccc(O)cc4CC[C@H]3[C@@H]1C[C@@H](O)[C@@H]2O,1
71,CN(C)CCn1c(=O)c2ccc(NCCNCCO)c3c(=O)c4cc(O)ccc4n(c1=O)c23,1
72,C[C@@](O)(CS(=O)(=O)c1ccc(F)cc1)C(=O)Nc1ccc(C#N)c(C(F)(F)F)c1,1
73,Cn1cc(C(=O)[C@@H]2CCc3nc[nH]c3C2)c2ccccc21,1
74,COc1ccc(CNCCN(C/C=C(\C)CC/C=C(\C)CC/C=C(\C)CC/C=C(\C)CC/C=C(\C)CC/C=C(\C)CC/C=C(\C)CC/C=C(\C)CCC=C(C)C)Cc2ccc(OC)c(OC)c2)cc1OC,1
75,CCN(CC)CC[n+]1ccc2c(C)c3[nH]c4ccccc4c3c(C)c2c1,1
76,COC(=O)[C@@H]1[C@H]2C[C@H]3c4[nH]c5cc(OC)ccc5c4CCN3C[C@@H]2C[C@H](OC(=O)c2cc(OC)c(OC)c(OC)c2)[C@H]1OC,1
77,CC1=C(/C=C/C(C)=C/C=C/C(C)=C/C=C/C=C(C)/C=C/C=C(C)/C=C/C2=C(C)C(=O)CCC2(C)C)C(C)(C)CCC1=O,1
78,CC1=C2COc3ccccc3[C@@H]3OC(=O)O[C@@]3(CC1)C2(C)C,1
79,Cn1cc(-c2ccc3c(c2)c(C2CCN(CCN4CCNC4=O)CC2)cn3-c2ccc(F)cc2)nn1,1
80,CC(C)(C(=O)O)c1ccc([C@@H](O)CCCN2CCC(C(O)(c3ccccc3)c3ccccc3)CC2)cc1,1
81,CC(C)[C@@H]1NC(=O)[C@H](C)OC(=O)[C@@H](C(C)C)NC(=O)[C@@H](C(C)C)OC(=O)[C@H](C(C)C)NC(=O)[C@H](C)OC(=O)[C@@H](C(C)C)NC(=O)[C@@H](C(C)C)OC(=O)[C@H](C(C)C)NC(=O)[C@H](C)OC(=O)[C@@H](C(C)C)NC(=O)[C@@H](C(C)C)OC1=O,1
82,CC[n+]1c(/C=C/C=C/c2ccc(N(C)C)cc2)sc2ccccc21,1
83,CC(=O)O[C@H]1C(=O)[C@@]2(C)[C@H]([C@H](OC(=O)c3ccc(F)cc3)[C@]3(O)C[C@H](OC(=O)[C@H](O)[C@@H](NC(=O)c4ccccc4)c4ccccc4)C(C)=C1C3(C)C)[C@]1(OC(C)=O)CO[C@@H]1C[C@@H]2O,1
84,CN(C)CC/C=C1/c2ccccc2COc2ccc(CC(=O)O)cc21,1
85,CO[C@H]1/C=C/O[C@@]2(C)Oc3c(C)c(O)c4c(O)c(c(/C=N/N5CCN(C)CC5)c(O)c4c3C2=O)NC(=O)/C(C)=C\C=C\[C@H](C)[C@H](O)[C@@H](C)[C@@H](O)[C@@H](C)[C@H](OC(C)=O)[C@@H]1C,1
86,C=C[C@@H]1C[C@]1(NC(=O)[C@@H]1C[C@@H](Oc2cc(-c3ccccc3)nc3cc(OC)ccc23)CN1C(=O)[C@@H](NC(=O)OC(C)(C)C)C(C)(C)C)C(=O)NS(=O)(=O)c1ccccc1,1
87,COc1cccc2c1CCC/C2=C\CCN1CCCCC1,1
88,CCC(=O)OCC(=O)[C@@]1(OC(=O)CC)[C@@H](C)C[C@H]2[C@@H]3CCC4=CC(=O)C=C[C@]4(C)[C@@]3(Cl)[C@@H](O)C[C@@]21C,1
89,CCN(CC)CCn1ccc2c(C)c3[nH+]c4ccc(O)cc4c3c(C)c2c1,1
90,COc1ccc2[nH+]c3c(C)c4ccn(C)cc4c(C)c3c2c1,1
91,CC1=C[C@H](O)C(=O)[C@@]2(C)[C@H]1C[C@H]1OC(=O)[C@@H](OC(=O)CC3=CCCC3)[C@H]3[C@@H](C)[C@@H](O)[C@]4(O)OC[C@@]31[C@@H]42,1
92,CN(C)CCc1c[nH]c2ccc(C[C@H]3COC(=O)N3)cc12,1
93,CC(C)c1nc(CN(C)C(=O)N[C@H](C(=O)N[C@@H](Cc2ccccc2)C[C@H](O)[C@H](Cc2ccccc2)NC(=O)OCc2cncs2)C(C)C)cs1,1
94,CCNc1cc2[o+]c3cc(NCC)c(C)cc3c(-c3ccccc3C(=O)OCC)c2cc1C,1
95,CC1(C)S[C@@H]2[C@H](NC(=O)[C@H](N)c3ccc(O)cc3)C(=O)N2[C@H]1C(=O)O,1
96,C=C[C@@H]1C[C@]1(NC(=O)[C@@H]1C[C@@H](Oc2cc(-c3ccccc3)nc3cc(OC)ccc23)CN1C(=O)[C@@H](NC(=O)OC(C)(C)C)C(C)(C)C)C(=O)NS(=O)(=O)C1CC1,1
97,CC(=O)O[C@H]1C(=O)[C@@]2(C)[C@H](OC(=O)CCC(=O)O)C[C@@H]3OC[C@]3(OC(C)=O)[C@@H]2[C@@H](OC(=O)c2ccccc2)[C@]2(O)C[C@@H](OC(=O)[C@@H](OC(=O)CCC(=O)O)[C@@H](NC(=O)c3ccccc3)c3ccccc3)C(C)=C1C2(C)C,1
98,C[C@@H]1C[C@H]2[C@@H]3CCC4=CC(=O)C=C[C@]4(C)[C@@]3(F)[C@@H](O)C[C@]2(C)[C@@]1(O)C(=O)CO,1
99,CC(=O)O[C@H]1C(=O)[C@@]2(C)[C@H]([C@H](OC(=O)c3ccccc3)[C@]3(O)C[C@H](OC(=O)[C@H](O)[C@@H](NC(=O)C(C)(C)C)c4ccccc4)C(C)=C1C3(C)C)[C@]1(OC(C)=O)CO[C@@H]1C[C@@H]2O,1
100,CO[C@@]1(NC(=O)C2SC(=C(C(N)=O)C(=O)O)S2)C(=O)N2C(C(=O)O)=C(CSc3nnnn3C)CS[C@@H]21,1
101,CCN1CCC[C@H]1CNC(=O)c1cc(S(=O)(=O)CC)c(N)cc1OC,1
102,COc1ccc(C[C@H]2C(=O)N[C@@H](C)C(=O)N(C)[C@@H]3C(=O)N(C)[C@@H](Cc4ccc(O)c(c4)Oc4ccc(cc4)[C@@H]3O)C(=O)N[C@H](C)C(=O)N[C@@H](C)C(=O)N2C)cc1,1
103,CN(C)CCCN1c2ccccc2Sc2ccc(C(F)(F)F)cc21,1
104,NC1=NC[C@@H]2c3ccccc3Cc3ccccc3N12,1
105,CCCCCCCCCCCCC/C=C/[C@@H](O)[C@@H](N)COP(=O)(O)O,1
106,Cc1c(O)cccc1C(=O)N[C@@H](CSc1ccccc1)[C@H](O)CN1C[C@H]2CCCC[C@H]2C[C@H]1C(=O)NC(C)(C)C,1
107,CO[C@H]1[C@@H](O)C[C@H](O[C@H]2[C@@H](O)C[C@H](O[C@H]3[C@@H](O)C[C@H](O[C@H]4CC[C@@]5(C)[C@H](CC[C@@H]6[C@@H]5C[C@@H](O)[C@]5(C)[C@@H](C7=CC(=O)OC7)CC[C@]65O)C4)O[C@@H]3C)O[C@@H]2C)O[C@@H]1C,1
108,COC(=O)c1ccccc1-c1c2ccc(N)cc2[o+]c2cc(N)ccc12,1
109,Cc1cc(/N=N/c2c(O)ccc3ccccc23)ccc1/N=N/c1cccc([N+](C)(C)C)c1,1
110,CN(C)c1ccc(/C=C/C=c2/c3ccccc3n3c2cc(-c2ccccc2)[n+]3C)cc1,1
111,COCc1c(C(C)C)nc(C(C)C)c(/C=C/[C@@H](O)C[C@@H](O)CC(=O)O)c1-c1ccc(F)cc1,1
112,CC(C)(C)NC(=O)[C@@H]1CN(Cc2cc3ccccc3o2)CCN1C[C@@H](O)C[C@@H](Cc1ccccc1)C(=O)N[C@H]1c2ccccc2C[C@H]1O,1
113,CC(C)CN(C[C@@H](O)[C@H](Cc1ccccc1)NC(=O)O[C@H]1CO[C@H]2OCC[C@H]21)S(=O)(=O)c1ccc(N)cc1,1
114,N/C(=N/O)c1ccc(CNC(=O)[C@@H]2CCN2C(=O)[C@H](NCC(=O)O)C2CCCCC2)cc1,1
115,CO[C@@H]1[C@H](C)O[C@H](O[C@H]2C[C@@](C)(O)Cc3cc4c(c(O)c32)C(=O)c2c(O)cc3c(c2C4=O)O[C@@H]2O[C@@]3(C)[C@@H](O)[C@@H](N(C)C)[C@@H]2O)[C@H](OC)[C@@]1(C)OC,1
116,CC[C@@]1([C@@H]2O[C@@H]([C@H]3O[C@@](O)(CO)[C@H](C)C[C@@H]3C)C[C@@H]2C)CC[C@H]([C@]2(C)CC[C@]3(C[C@H](O)[C@@H](C)[C@@H]([C@@H](C)[C@@H](OC)[C@H](C)C(=O)O)O3)O2)O1,1
117,Cc1c2ccc3ccccc3c2c[n+]2ccccc12,1
118,COc1ccc([C@](C#N)(CCCN)C(C)C)cc1OC,1
119,COc1cc2ncnc(Nc3cccc(Cl)c3)c2cc1OC,1
120,Cc1ccc(/C(=C/CN2CCCC2)c2cccc(/C=C/C(=O)N3CCCC3)n2)cc1,1
121,CC(C)[n+]1c2c(n(C)c1/C=C/c1ccccc1)C(=O)c1ccccc1C2=O,1
122,CCCCCCCCCCCCCCC[C@@H](O)[C@@H](N)CO,1
123,CC[C@@H](C)[C@@H]1NC(=O)[C@@H](NC(=O)c2c3nc4c(C(=O)N[C@@H]5C(=O)N[C@@H]([C@H](C)CC)C(=O)N6CCC[C@H]6C(=O)N(C)CC(=O)N(C)[C@@H](C(C)C)C(=O)O[C@H]5C)ccc(C)c4oc-3c(C)c(=O)c2O)[C@H](C)OC(=O)[C@H](C(C)C)N(C)C(=O)CN(C)C(=O)[C@@H]2CCCN2C1=O,1
124,CCOP(=O)(OCC)Oc1nc(Cl)c(Cl)cc1Cl,1
125,CC[C@H]1NC(=O)[C@@H](NC(=O)c2ncccc2O)[C@H](C)OC(=O)[C@@H](c2ccccc2)NC(=O)[C@@H]2CC(=O)CCN2C(=O)[C@@H](Cc2ccc(N(C)C)cc2)N(C)C(=O)[C@@H]2CCCN2C1=O,1
126,CS[C@H]1SC[C@H]2C(=O)N(C)[C@@H](C(C)C)C(=O)OC[C@@H](NC(=O)c3cnc4ccccc4n3)C(=O)N[C@@H](C)C(=O)N(C)[C@@H]1C(=O)N(C)[C@@H](C(C)C)C(=O)OC[C@@H](NC(=O)c1cnc3ccccc3n1)C(=O)N[C@@H](C)C(=O)N2C,1
127,Cc1nc(N)ccc1CNC(=O)Cn1c(C)cnc(NCCc2ccccc2)c1=O,1
128,Nc1nc(NC2CC2)c2ncn([C@H]3C=C[C@@H](CO)C3)c2n1,1
129,CCC(=O)C(C[C@@H](C)N(C)C)(c1ccccc1)c1ccccc1,1
130,CCN1CCN(C(=O)N[C@@H](C(=O)N[C@@H]2C(=O)N3C(C(=O)O)=C(CSc4nnnn4C)CS[C@H]23)c2ccc(O)cc2)C(=O)C1=O,1
131,COc1ccc2c(c1)c1nn(CCN(C)C)c3ccc4c(=O)n(CCN(C)C)c(=O)n2c4c13,1
132,COc1cc2c(cc1OC)CN(CCCC1=CCCc3c(OC)cccc31)CC2,1
133,COc1cc2c(cc1Oc1c(Oc3c(O)c(OC)cc4c3[C@@H](CC(C)C)N(C)CC4)c(OC)cc3c1[C@@H](CC(C)C)N(C)CC3)[C@@H](CC(C)C)N(C)CC2,1
134,O=c1c(Cc2ccccc2)nc2c(CC3CCCC3)[nH]c(-c3ccc(O)cc3)cn1-2,1
135,CN1CCN(CCCN2c3ccccc3Sc3ccc(C(F)(F)F)cc32)CC1,1
136,COc1cc2c(cc1OC)CN(CCC=C1CCCCC1)CC2,1
137,CC(=O)O[C@@H]1[C@@H](O)[C@H](O[C@H]2[C@H](OC(=O)[C@H]3CC[C@H]4[C@@H](C3)O[C@@]3(C[C@H](OC(=O)/C=C/c5ccccc5)[C@H](C)CO3)[C@]43CO3)O[C@H](C)[C@@H](O)[C@@H]2OC(C)=O)O[C@H](C)[C@H]1O,1
138,CN(C)c1ccc2c(-c3ccc(C(=S)N4CCCCC4)s3)c3ccc(N(C)C)cc3[s+]c2c1,1
139,O[C@@H](c1cc(C(F)(F)F)nc2c(C(F)(F)F)cccc12)[C@H]1CCCCN1,1
140,C[C@]12CCC(=O)C=C1CC[C@@H]1[C@@H]2[C@@H](O)C[C@]2(C=O)[C@@H](C(=O)CO)CC[C@@H]12,1
141,COCOc1ccc2c(c1)[C@@H]1OC(=O)O[C@]13CCC(C)=C(CC2=O)C3(C)C,1
142,C#Cc1cccc(Nc2ncnc3cc(OCCOC)c(OCCOC)cc23)c1,1
143,CN1CCN(CC(=O)N2c3ccccc3C(=O)Nc3cccnc32)CC1,1
144,C=CC[C@@H]1/C=C(/C)C[C@H](C)C[C@H](OC)[C@H]2O[C@@](O)(C(=O)C(=O)N3CCCC[C@H]3C(=O)O[C@H](/C(C)=C\[C@@H]3CC[C@@H](O)[C@H](OC)C3)[C@H](C)[C@@H](O)CC1=O)[C@H](C)C[C@@H]2OC,1
145,CCC(C)(C)C(=O)O[C@H]1C[C@@H](C)C=C2C=C[C@H](C)[C@H](CC[C@@H](O)C[C@@H](O)CC(=O)O)[C@H]21,1
146,COc1ccc2c(c1)/C(=C/CCN1CCc3cc(OC)c(OC)cc3C1)CCC2,1
147,CN1C[C@@H]2c3ccccc3Oc3ccc(Cl)cc3[C@H]2C1,1
148,CC(=O)N[C@@H](CSC(=O)[C@]1([C@@H](O)C(C)C)NC(=O)[C@H](C)[C@@H]1O)C(=O)O,1
149,CC[C@H](C)C(=O)O[C@H]1C[C@H](O)C=C2C=C[C@H](C)[C@H](CC[C@@H](O)C[C@@H](O)CC(=O)O)[C@H]21,1
150,CC(=O)O[C@H]1C(=O)[C@@]2(C)[C@H]([C@H](OC(=O)c3ccccc3)[C@]3(O)C[C@H](OC(=O)[C@H](O)[C@@H](NC(=O)CC(C)C)c4ccccc4)C(C)=C1C3(C)C)[C@]1(OC(C)=O)CO[C@@H]1C[C@@H]2O,1
151,CC(=O)O[C@H]1C(=O)[C@@]2(C)[C@H]([C@H](OC(=O)c3ccco3)[C@]3(O)C[C@H](OC(=O)[C@H](O)[C@@H](NC(=O)c4ccccc4)c4ccccc4)C(C)=C1C3(C)C)[C@]1(OC(C)=O)CO[C@@H]1C[C@@H]2O,1
152,CN1C[C@H](C(=O)N[C@]2(C)O[C@@]3(O)[C@@H]4CCCN4C(=O)[C@H](Cc4ccccc4)N3C2=O)C=C2c3cccc4[nH]cc(c34)C[C@H]21,1
153,CO[C@H]1/C=C/C=C(/C)C(=O)NC2=CC(=O)/C(=N\CCCl)[C@H](C[C@H](C)C[C@@H](OC)[C@@H](O)[C@H](C)/C=C(\C)[C@H]1OC(N)=O)C2=O,1
154,CCN1C(=C/C=C/c2n(CC)c3cc(Cl)c(Cl)cc3[n+]2CC)N(CC)c2cc(Cl)c(Cl)cc21,1
155,NC(=O)N1c2ccccc2C[C@H](O)c2ccccc21,1
156,C[C@]12CCC(=O)C=C1CC[C@@H]1[C@@H]2[C@@H](O)C[C@@]2(C)[C@H]1CC[C@]2(O)C(=O)CO,1
157,C=C[C@@H]1C[C@]1(NC(=O)[C@@H]1C[C@@H](Oc2cc(-c3ccccc3)nc3cc(OC)ccc23)CN1C(=O)[C@@H](NC(=O)OC(C)(C)C)C(C)(C)C)C(=O)O,1
158,CC(=O)O[C@@]12CO[C@@H]1C[C@H](O)[C@]1(C)C(=O)[C@H](O)C3=C(C)[C@@H](O)C[C@](O)([C@H](OC(=O)c4ccccc4)[C@@H]21)C3(C)C,1
159,CN(C)c1ccc2c(-c3ccc(C(=S)N4CCCCC4)s3)c3cc4c5c(c3[s+]c2c1)CCCN5CCC4,1
160,Cc1ccc(/C(=C/CN2CCCC2)c2cccc(/C=C/C(=O)O)n2)cc1,1
161,CC[C@H]1OC(=O)[C@H](C)[C@@H](O[C@H]2C[C@@](C)(OC)[C@@H](O)[C@H](C)O2)[C@H](C)[C@@H](O[C@@H]2O[C@H](C)C[C@H](N(C)C)[C@H]2O)[C@](C)(OC)C[C@@H](C)C(=O)[C@H](C)[C@@H](O)[C@]1(C)O,1
162,CC(/C=C/C=C(\C)C(=O)O[C@@H]1O[C@H](CO[C@H]2O[C@@H](CO)[C@@H](O)[C@@H](O)[C@H]2O)[C@@H](O)[C@H](O)[C@H]1O)=C\C=C\C=C(C)\C=C\C=C(/C)C(=O)O[C@@H]1C[C@H](CO[C@H]2O[C@@H](CO)[C@@H](O)[C@@H](O)[C@H]2O)[C@@H](O)[C@H](O)[C@H]1O,1
163,COc1cccc2c1C(=O)c1c(O)c3c(c(O)c1C2=O)C[C@@](O)(C(C)=O)C[C@@H]3O[C@H]1C[C@H](N)[C@H](O)[C@H](C)O1,1
164,C[C@H](CCc1nc(C#N)c(N)o1)[C@H]1CC[C@H]2[C@@H]3[C@H](O)C[C@H]4C[C@H](O)CC[C@]4(C)[C@H]3C[C@H](O)[C@]12C,1
165,COc1cc2c(cc1OC)CN(CCC[C@@H]1CCCc3cc(OC)c(OC)cc31)CC2,1
166,COc1ccc(CCNc2nc(N3CCc4cc(OC)c(OC)cc4C3)c3cc(OC)c(OC)cc3n2)cc1OC,1
167,COc1cc(Cc2nccc3cc(OC)c(OC)cc23)c(C(C)=O)cc1OC,1
168,CSCC[C@H](C(N)=O)N(C)C(=O)[C@H](Cc1ccccc1)NC(=O)CNC(=O)[C@H](C)NC(=O)[C@@H](N)Cc1ccc(O)cc1,1
169,C=C[C@@H]1C[C@]1(NC(=O)[C@@H]1C[C@@H](Oc2cc(-c3ccccc3)nc3cc(OC)ccc23)CN1C(=O)[C@@H](NC(=O)OC(C)(C)C)C(C)(C)C)C(=O)NNS(=O)(=O)c1ccccc1,1
170,COc1cc2c(c(OC(C)=O)c1OC(C)=O)-c1ccc(SC)c(=O)cc1[C@@H](NC(C)=O)CC2,1
171,COC(=O)[C@@H]1c2cc3c(c(O)c2[C@@H](OC)C[C@@]1(C)O)C(=O)c1c(O)cc2c(c1C3=O)O[C@@H]1O[C@@]2(C)[C@H](O)[C@@H](N(C)C)[C@@H]1O,1
172,CO/N=C1\C[C@]2(C[C@@H]3C[C@@H](C/C=C(\C)C[C@@H](C)/C=C/C=C4\CO[C@@H]5[C@H](O)C(C)=C[C@@H](C(=O)O3)[C@]45O)O2)O[C@H](/C(C)=C\C(C)C)[C@H]1C,1
173,FC(F)(F)c1ccc(N2CCNCC2)nc1Cl,1
174,CN1CC[C@]23c4c5ccc(O)c4O[C@H]2[C@@H](O[C@@H]2O[C@H](C(=O)O)[C@@H](O)[C@H](O)[C@H]2O)C=C[C@H]3[C@H]1C5,1
175,C[C@]12CCC(=O)C[C@@H]1CC[C@@H]1[C@@H]2CC[C@]2(C)[C@@H](O)CC[C@@H]12,1
176,COc1ccc2nccc(NCCCN3CCN(CCCNc4ccnc5ccc(OC)cc45)CC3)c2c1,1
177,CO[C@H]1[C@H](C)/C=C(\C)[C@@H](OC(N)=O)[C@H](C)/C=C/C=C(\C)C(=O)Nc2cc(O)cc(c2O)[C@@H](OC)[C@H](C)C[C@H]1OC,1
178,C=C[C@@H]1C[C@]1(NC(=O)[C@@H]1C[C@@H](Oc2cc(-c3ccccc3)nc3cc(OC)ccc23)CN1C(=O)[C@@H](NC(=O)OC(C)(C)C)C(C)(C)C)C(=O)NNc1ccccc1,1
179,CC(=O)O[C@H]1CC(C)(C)C(=C=C/C(C)=C/C=C/C(C)=C/C=C/C=C(C)\C=C\C=C(\C)C(=O)C[C@@]23O[C@]2(C)C[C@H](O)CC3(C)C)[C@@](C)(O)C1,1
180,C[C@H]1[C@H](C)[C@@H](C)OC(=O)C[C@H](O)C[C@@H](O)CC[C@H](O)[C@@H](O)C[C@@H](O)C[C@]2(O)C[C@@H](O)[C@H](C(=O)O)[C@H](C[C@@H](O[C@H]3O[C@H](C)[C@H](O)[C@H](N)[C@@H]3O)/C=C\CC/C=C/C=C/C=C/C=C/C=C\[C@H]1C)O2,1
181,Cc1ccc(NC(=O)c2ccc(CN3CCN(C)CC3)cc2)cc1Nc1nccc(-c2cccnc2)n1,1
182,COc1ccc(CCN(C)CCC[C@@](C#N)(c2cc(OC)c(OC)c(OC)c2)C(C)C)cc1OC,1
183,CC(=O)O[C@H]1C(=O)[C@@]2(C)[C@H]([C@H](OC(=O)c3ccccc3)[C@]3(O)C[C@H](OC(=O)[C@H](O)[C@@H](NC(=O)c4ccccc4)c4ccccc4)C(C)=C1C3(C)C)[C@]1(OC(C)=O)CO[C@@H]1C[C@@H]2O,1
184,CCOC(=O)[C@@H]1C(C)=NC(C)=C(C(=O)OCCNC(=O)c2ccc(N=[N+]=[N-])cc2)[C@H]1c1ccccc1C(F)(F)F,1
185,CO[C@@H]1[C@H](N(C)C(=O)c2ccccc2)C[C@H]2O[C@]1(C)n1c3ccccc3c3c4c(c5c6ccccc6n2c5c31)C(=O)NC4,1
186,COCC(=O)O[C@]1(CCN(C)CCCc2nc3ccccc3[nH]2)CCc2cc(F)ccc2[C@@H]1C(C)C,1
187,CC(=O)O[C@@]12CO[C@@H]1C[C@H](O)[C@@]1(C)C(=O)[C@H](O)C3=C(C)[C@@H](OC(=O)[C@H](O)[C@@H](NC(=O)OC(C)(C)C)c4ccccc4)C[C@@](O)([C@@H](OC(=O)c4ccccc4)[C@H]21)C3(C)C,1
188,CC[C@H](C)[C@@H]([C@@H](CC(=O)N1CCC[C@H]1[C@H](OC)[C@@H](C)C(=O)N[C@@H](Cc1ccccc1)c1nccs1)OC)N(C)C(=O)[C@@H](NC(=O)[C@H](C(C)C)N(C)C)C(C)C,1
189,CC(C)(C)c1ccc([C@@H](O)CCCN2CCC(C(O)(c3ccccc3)c3ccccc3)CC2)cc1,1
190,C[C@H](NC(C)(C)C)[C@H](O)c1cccc(Cl)c1,1
191,CSCC[C@H](/N=C(\O)[C@H](CC(C)C)/N=C(\O)C/N=C(\O)[C@H](Cc1ccccc1)/N=C(\O)[C@H](Cc1ccccc1)/N=C(\O)[C@H](CCC(=N)O)/N=C(\O)[C@H](CCC(=N)O)/N=C(\O)[C@@H]1CCCN1C(=O)[C@H](CCCCN)/N=C(\O)[C@@H]1CCCN1C(=O)[C@@H](N)CCCNC(=N)N)C(=N)O,1
192,CC/C(=C(/c1ccc(OCCN(C)C)cc1)c1cccc(O)c1)c1ccccc1,1
193,CC(C)(C)NC(=O)[C@@H]1CN(Cc2cccnc2)CCN1C[C@@H](O)C[C@@H](Cc1ccccc1)C(=O)N[C@H]1c2ccccc2C[C@H]1O,1
194,CC(C)(C)NC[C@@H](O)COc1ccccc1C#N,1
195,COc1ccc(OC(F)(F)F)cc1CN[C@H]1CCCN[C@H]1c1ccccc1,1
196,CC(C)NC[C@@H](O)COc1ccc(CCNC(=O)NC(C)C)cc1,1
197,CC1(C)CC(=O)N(CCCCN2CCN(c3ncccn3)CC2)C(=O)[C@@H]1O,1
198,Cn1nnc(-c2ccc3c(c2)c(C2CCN(CCN4CCNC4=O)CC2)cn3-c2ccc(F)cc2)n1,1
199,COc1cccc2c1C(=O)c1c(O)c3c(c(O)c1C2=O)C[C@@](O)(C(=O)CO)C[C@H]3O[C@H]1C[C@H](N)[C@H](O[C@@H]2CCCCO2)[C@H](C)O1,1
200,CCCS(=O)(=O)Nc1ccc(F)c(C(=O)c2c[nH]c3ncc(-c4ccc(Cl)cc4)cc23)c1F,1
201,CCCC(=O)Nc1ccc(OC[C@H](O)CNC(C)C)c(C(C)=O)c1,1
202,C[C@@H](O[C@H]1OCCN(Cc2nc(=O)[nH][nH]2)[C@H]1c1ccc(F)cc1)c1cc(C(F)(F)F)cc(C(F)(F)F)c1,1
203,Cc1ccc(N(CC(=O)O)CC(=O)O)c(OCCOc2cc3cc(-c4ncc(C(=O)O)o4)oc3cc2N(CC(=O)O)CC(=O)O)c1,1
204,COc1cc([C@@H]2c3cc4c(cc3[C@H](NC(C)=O)[C@H]3COC(=O)[C@H]23)OCO4)cc(OC)c1OC,1
205,C=C[C@@H]1C[C@]1(NC(=O)[C@@H]1C[C@@H](Oc2cc(-c3ccccc3)nc3cc(OC)ccc23)CN1C(=O)[C@@H](NC(=O)OC(C)(C)C)C(C)(C)C)C(=O)NS(=O)(=O)c1ccc(C)cc1,1
206,CO[C@H]1O[C@H](CO)[C@@H](O)[C@H](O)[C@@H]1O[C@H]1O[C@H](CN)[C@@H](O)[C@H](O)[C@@H]1N,1
207,CC(C)(C)NC(=O)[C@@H]1C[C@@H]2CCCC[C@@H]2CN1C[C@@H](O)[C@H](Cc1ccccc1)NC(=O)[C@H](CC(N)=O)NC(=O)c1ccc2ccccc2n1,1
208,Clc1ccc([C@H]2CN3CCN=C3c3ccccc32)cc1,1
209,COc1ccc(N(C)S(C)(=O)=O)cc1CN[C@H]1CCCN[C@H]1c1ccccc1,1
210,CONC1=C2C(=O)N(C)CC(=O)N(C)[C@@H](C)C(=O)O[C@H](CO)[C@H](NC(=O)c3c4nc5c(C(=O)N[C@@H]6C(=O)N[C@@H](C(C)C)C(=O)N7[C@H](C)C[C@H](O)[C@H]7C(=O)N(C)CC(=O)N(C)[C@@H](C(C)C)C(=O)O[C@H]6C)ccc(C)c5oc-4c(C)c(=O)c3N)C(=O)N[C@@H](C(C)C)C(=O)N2[C@H](C)C1,1
211,COC(=O)[C@@H]1c2cc3c(c(O)c2[C@@H](O[C@@H]2O[C@@H](C)[C@H](OC)[C@@](C)(OC)[C@H]2OC)C[C@]1(C)O)C(=O)c1c(O)cc2c(c1C3=O)O[C@@H]1O[C@@]2(C)[C@H](O)[C@@H](N(C)C)[C@@H]1O,1
212,Cc1ccc(/C(=C/CN2CCCC2)c2ccccn2)cc1,1
213,CCCC(=O)O[C@H](COC(=O)CC)CO[P@@](=O)(O)OC[C@H](N)C(=O)Nc1ccc([N+](=O)[O-])c2nonc12,1
214,CC(C)C[C@@H]1NC(=O)[C@H](C)N(C)C(=O)CNC(=O)/C(=C/c2ccccc2)N(C)C1=O,1
215,CC(C)[C@@]1(NC(=O)[C@@H]2C[C@@H]3c4cccc5[nH]cc(c45)C[C@H]3N(C)C2)O[C@@]2(O)[C@@H]3CCCN3C(=O)[C@H](Cc3ccccc3)N2C1=O,1
216,CCCCSC[C@H](NC(=O)/C=C/c1c(C)[nH]c(=O)[nH]c1=O)C(=O)OC,1
217,CCCNCCOc1ccc(NC(=O)c2c[nH]c3c2C(=O)CCC3)cc1F,1
218,CCCCCCCCCCCCCC(=O)OC[C@H](CO[P@@](=O)(O)OCC[N+](C)(C)C)OC(=O)CCCCCNc1ccc([N+](=O)[O-])c2nonc12,1
219,O=C(CCCN1CCC(=C(c2ccc(F)cc2)c2ccc(F)cc2)CC1)N1CCCC1,1
220,Cc1cc2c(s1)Nc1ccccc1N=C2N1CCN(C)CC1,1
221,COC(=O)[C@H]1[C@@H](O)[C@@]2(O)c3c(OC)cc(O[C@@H]4O[C@@H]([C@H](O)CO)CO[C@H]4OC)cc3O[C@@]2(c2ccc(OC)cc2)[C@@H]1c1ccccc1,1
222,C(=C/c1ccc(-c2cn3cc(/C=C/C=N/NC4=NCCN4)ccc3n2)cc1)\C=N\NC1=NCCN1,1
223,C[C@H](NC(C)(C)CO)C(=O)c1cccc(Cl)c1,1
224,CC[C@H]1CN2CCc3cc(OC)c(OC)cc3[C@@H]2C[C@@H]1C[C@H]1NCCc2cc(OC)c(OC)cc21,1
225,COC(=O)C1=C(C)NC(C)=C(C(=O)OCCCN2CCC(c3ccccc3)(c3ccccc3)CC2)[C@@H]1c1cccc([N+](=O)[O-])c1,1
226,CO[C@@H](C(=O)[C@@H](O)[C@H](C)O)[C@@H]1Cc2cc3cc(O[C@H]4C[C@H](O[C@@H]5C[C@H](O)[C@H](O)[C@H](C)O5)[C@H](O)[C@H](C)O4)c(C)c(O)c3c(O)c2C(=O)[C@@H]1O[C@@H]1C[C@H](O[C@@H]2C[C@H](O[C@H]3C[C@](C)(O)[C@H](O)[C@H](C)O3)[C@H](O)[C@H](C)O2)[C@H](O)[C@H](C)O1,1
227,O=c1[nH]c2ccccc2n1C1CCN(CCCC(c2ccc(F)cc2)c2ccc(F)cc2)CC1,1
228,CC(C)(C)NC[C@@H](O)COc1ccc(NC(=O)NC2CCCCC2)cc1,1
229,O=c1[nH]c2ccccc2n1CCCN1CCC(n2c(=O)[nH]c3cc(Cl)ccc32)CC1,1
230,C/C=C1\C(=O)C[C@H]2[C@@H]3CCC4=CC(=O)CC[C@]4(C)[C@H]3CC[C@]12C,1
231,CN1CCC(=C(c2ccc(F)cc2)c2cc(Cl)cs2)CC1,1
232,CC[C@H](C)[C@H]1O[C@]2(CC[C@@H]1C)C[C@@H]1C[C@@H](C/C=C(/C)[C@@H](O[C@H]3C[C@H](OC)[C@@H](O[C@H]4C[C@H](OC)[C@@H](O)[C@H](C)O4)[C@H](C)O3)[C@@H](C)/C=C/C=C3\CO[C@@H]4[C@H](O)C(C)=C[C@@H](C(=O)O1)[C@]34O)O2,1
233,C=CC[C@H](N)c1ccccc1-c1noc2ccccc12,1
234,CC1=C2CC(=O)c3ccccc3[C@@H]3OC(=O)O[C@@]3(CC1)C2(C)C,1
235,C=C1[C@@H](C)[C@H]2[C@H](Cc3ccccc3)NC(=O)[C@]23OC(=O)CC[C@H](O)CCC[C@@H](C)C/C=C\[C@H]3[C@@H]1O,1
236,CC[C@]1(O)C[C@H]2CN(CCc3c([nH]c4ccccc34)[C@@](C(=O)OC)(c3cc4c(cc3OC)N(C)[C@H]3[C@@](O)(C(N)=O)[C@H](O)[C@]5(CC)C=CCN6CC[C@]43[C@@H]65)C2)C1,1
237,Cc1c2cc[n+](C)cc2c(C)c2c1oc1ccccc12,1
238,CC(C)C[C@H](NC(=O)[C@H](Cc1ccccc1)NC(=O)c1cnccn1)B(O)O,1
239,CC/C(=C(/c1ccc(O)cc1)c1ccc(OCCNC)cc1)c1ccccc1,1
240,C=C1[C@@H](O)[C@@H]2O[C@]3(CC[C@H](/C=C/[C@@H](C)[C@@H]4CC(C)=C[C@@]5(O[C@H](C[C@@](C)(O)C(=O)O)CC[C@H]5O)O4)O3)CC[C@H]2O[C@@H]1[C@@H](O)C[C@H](C)[C@H]1O[C@@]2(CCCCO2)CC[C@H]1C,1
241,Nc1cccc2c1CN([C@H]1CCC(=O)NC1=O)C2=O,1
242,CC[C@H](C)C(=O)O[C@H]1C[C@@H](C)C=C2C=C[C@H](C)[C@H](CC[C@@H](O)C[C@@H](O)CC(=O)O)[C@H]21,1
243,N#C[C@@H]1CCCN1C(=O)CN[C@@]12C[C@@H]3C[C@@H](C[C@@](O)(C3)C1)C2,1
244,COCOc1cccc2c1[C@@H]1OC(=O)O[C@]13CCC(C)=C(COC2)C3(C)C,1
245,CC[C@]12C=CCN3CC[C@@]4(c5cc([C@]6(C(=O)OC)C[C@@H]7CN(CCc8c6[nH]c6ccccc86)C[C@H]6CCC[C@H]67)c(OC)cc5N(C)[C@H]4[C@@](O)(C(=O)OC)[C@@H]1OC(C)=O)[C@@H]32,1
246,C[C@]12CCC(=O)C=C1CC[C@@H]1[C@@H]2C(=O)C[C@@]2(C)[C@H]1CC[C@]2(O)C(=O)CO,1
247,CCCCCCCCCC[S@@](=O)C[C@H](CO)NC(=O)/C=C/c1c(C)[nH]c(=O)[nH]c1=O,1
248,CNCCCC1c2ccccc2C=Cc2ccccc21,1
249,COc1cc2c(cc1OC)[C@@H]1CN(C)CC[C@@H]1N=C2c1ccc(NS(=O)(=O)c2ccc(C)cc2)cc1,1
250,C=C[C@@H]1C[C@]1(NC(=O)[C@@H]1C[C@@H](Oc2cc(-c3ccccc3)nc3cc(OC)ccc23)CN1C(=O)[C@@H](NC(=O)OC(C)(C)C)C(C)(C)C)C(=O)NCC(F)(F)F,1
251,CC1=C[C@H]2O[C@@H]3[C@H](O)C[C@](C)([C@@]2(CO)[C@H](O)C1=O)[C@]31CO1,1
252,CN(C)CC[C@H](CSc1ccccc1)Nc1ccc(S(=O)(=O)NC(=O)c2ccc(N3CCN(Cc4ccccc4-c4ccc(Cl)cc4)CC3)cc2)cc1[N+](=O)[O-],1
253,COCCOC(=O)C1=C(C)NC(C)=C(C(=O)OC(C)C)[C@H]1c1cccc([N+](=O)[O-])c1,1
254,C[C@H]1COc2c(N3CCN(C)CC3)c(F)cc3c(=O)c(C(=O)O)cn1c23,1
255,COC[C@@H](C#N)N[C@@H]1C[C@H](O[C@@H]2C[C@](O)(C(=O)CO)Cc3c(O)c4c(c(O)c32)C(=O)c2c(OC)cccc2C4=O)O[C@H](C)[C@@H]1O,1
256,CCC1(c2ccccc2)C(=O)NC(=O)NC1=O,1
257,CNCC[C@@H](Oc1ccccc1C)c1ccccc1,1
258,Cc1onc(-c2c(Cl)cccc2Cl)c1C(=O)N[C@@H]1C(=O)N2[C@@H]1SC(C)(C)[C@@H]2C(=O)O,1
259,Cc1nc2n(c(=O)c1CCN1CCC(c3noc4cc(F)ccc34)CC1)CCC[C@@H]2O,1
260,COC(=O)[C@H](N)CSC/C=C(\C)CC/C=C(\C)CCC=C(C)C,1
261,COC(=O)[C@H]1[C@H]2C[C@@H]3c4[nH]c5cc(OC)ccc5c4CCN3C[C@H]2C[C@H](O)[C@@H]1OC,1
262,CN(C)c1ccc2c(-c3ccccc3)c3ccc(N(C)C)cc3[s+]c2c1,1
263,CN(C)c1ccc2c(-c3ccccc3)c3cc4c5c(c3[s+]c2c1)CCCN5CCC4,1
264,COC1=C(C)C(=O)C2=C(C1=O)[C@@H]1[C@H]3CC4=C(C(=O)C(OC)=C(C)C4=O)[C@H](CNC(=O)C(C)=O)N3[C@H](C#N)[C@H](C2)N1C,1
265,CCCOc1ccc(S(=O)(=O)N2CCN(CC)CC2)cc1-c1nc2c(CC)n(Cc3ccccn3)nc2c(=O)[nH]1,1
266,CC1=C2COCc3ccccc3[C@@H]3OC(=O)O[C@@]3(CC1)C2(C)C,1
267,CC(C)Nc1cccnc1N1CCN(C(=O)c2cc3cc(NS(C)(=O)=O)ccc3[nH]2)CC1,1
268,CN(C)CCOc1ccc(/C(=C(\CCCl)c2ccccc2)c2ccccc2)cc1,1
269,CCOc1ccc(-c2nc3ccc(-c4nc5cc(N6CCN(C)CC6)ccc5[nH]4)cc3[nH]2)cc1,1
270,C[C@@H]1COc2c(N3CCN(C)CC3)c(F)cc3c(=O)c(C(=O)O)cn1c23,1
271,C[C@@H](NC(C)(C)C)C(=O)c1cccc(Cl)c1,1
272,CCCCCCCCCCCCCCCCCCOC[C@H](COCCOCC[N+]1(CCCCCC(=O)O)CCCC1)Oc1ncccn1,1
273,CCNCCNC(=O)c1c(C)[nH]c(/C=C2\C(=O)Nc3ccc(F)cc32)c1C,1
274,C[N+]1(C)C/C(=C\C=C\c2ccccc2)C(=O)/C(=C/C=C/c2ccccc2)C1,1
275,COc1ccc2c(c1)CCC=C2CCCN1CCc2cc(OC)c(OC)cc2C1,1
276,CO[C@H]1C[C@H](O[C@H]2[C@@H](O)C[C@H](O[C@H]3[C@@H](O)C[C@H](O[C@H]4CC[C@@]5(C)[C@H](CC[C@@H]6[C@@H]5C[C@@H](O)[C@]5(C)[C@@H](C7=CC(=O)OC7)CC[C@]65O)C4)O[C@@H]3C)O[C@@H]2C)O[C@H](C)[C@@H]1O,1
277,CN/C(=C\[N+](=O)[O-])NCCSCc1csc(CN(C)C)n1,1
278,C[C@]12CCC(=O)C=C1[C@@H](O)C[C@@H]1[C@@H]2[C@@H](O)C[C@@]2(C)[C@H]1CC[C@]2(O)C(=O)CO,1
279,O=[N+]([O-])c1cccc2nc3ccccc3c(NCCN(CCO)CCO)c12,1
280,COc1cc2nc(N3CCCN(C(=O)N4CCOCC4)CC3)cc(N)c2c(-c2ccc(F)cc2)c1OC,1
281,CC(C)c1oc(=O)cc2c1[C@H](O)[C@@H]1OC(=O)[C@@]3(C)[C@@H](O)[C@H]4O[C@H]4[C@@]2(C)[C@@H]13,1
282,O=C1c2cccc(NCCNCCO)c2C(=O)c2cccc(NCCNCCO)c21,1
283,CC1=C(/C=C/C(C)=C/C=C/C(C)=C/C=C/C=C(C)/C=C/C=C(C)/C=C/C2=C(C)CCCC2(C)C)C(C)(C)CCC1,1
284,CCOC(=O)CN[C@@H](C(=O)N1CC[C@H]1C(=O)NCc1ccc(C(=N)NO)cc1)C1CCCCC1,1
285,C[C@H]1O[C@@H](O[C@H]2[C@@H](O)C[C@H](O[C@H]3[C@@H](O)C[C@H](O[C@H]4CC[C@@]5(C)[C@H](CC[C@@H]6[C@@H]5CC[C@]5(C)[C@@H](C7=CC(=O)OC7)CC[C@]65O)C4)O[C@@H]3C)O[C@@H]2C)C[C@H](O)[C@@H]1O,1
286,CC[C@H]1OC(=O)[C@H](C)C(=O)[C@H](C)[C@@H](O[C@@H]2O[C@H](C)C[C@H](N(C)C)[C@H]2O)[C@](C)(OC)C[C@@H](C)C(=O)[C@H](C)[C@H]2N(CCCCn3cnc(-c4cccnc4)c3)C(=O)O[C@]12C,1
287,c1ccc([P+](c2ccccc2)(c2ccccc2)c2ccccc2)cc1,1
288,CC(C)COC[C@H](CN(Cc1ccccc1)c1ccccc1)N1CCCC1,1
289,CN[C@@H]1[C@@H](O)[C@@](C)(O[C@@H]2[C@@H](O)[C@H](O[C@H]3C[C@H]([C@@H](C)O)[C@H](O)[C@H](O)[C@H]3N)[C@@H](N)C[C@H]2N)OC[C@]1(C)O,1
290,CSc1ccc2c(c1)N(CC[C@@H]1CCCCN1C)c1ccccc1S2,1
291,C[C@H](N)C(=O)N[C@@H]1[C@@H]2[C@H](C(=O)C[C@H](O)[C@@H]2O)C(=O)O[C@@]1(C)C(Cl)Cl,1
292,COc1ccc2c(c1)[C@H](CCCN1CCc3cc(OC)c(OC)cc3C1)CCC2,1
293,CCN(CC)CCNC(=O)c1c(C)[nH]c(/C=C2\C(=O)Nc3ccc(F)cc32)c1C,1
294,CO[C@@]12[C@H](COC(N)=O)C3=C(C(=O)C(C)=C(N)C3=O)N1C[C@@H]1N[C@@H]12,1
295,CN1C(C(=O)Nc2ccccn2)=C(O)c2sccc2S1(=O)=O,1
296,CC(C)CCC[C@@H](C)[C@H]1CC[C@H]2[C@@H]3CC=C4C[C@@H](O)CC[C@]4(C)[C@H]3CC[C@]12C,1
297,C[C@@H](NC(=O)[C@@H](N)Cc1ccc(O)cc1)C(=O)NCC(=O)N(C)[C@@H](Cc1ccccc1)C(=O)NCCO,1
298,CC(=O)O[C@H]1Cc2ccccc2N(C(N)=O)c2ccccc21,1
299,CC[C@@H](CO)NC(=O)[C@@H]1C=C2c3cccc4c3c(cn4C)C[C@H]2N(C)C1,1
300,N=C(N)N1CCc2ccccc2C1,1
301,CNCCn1c(=O)c2cc(OC)c(OC)cc2c2cnc3cc4c(cc3c21)OCC4,1
302,CCC(=O)C(C[C@H](C)N(C)C)(c1ccccc1)c1ccccc1,1
303,CC(C)(C)c1ccc(C(=O)CCCN2CCC(OC(c3ccccc3)c3ccccc3)CC2)cc1,1
304,COc1ccc(CCNc2nc(N3CCc4cc(OC)c(OC)cc4C3)c3cc(N(C)C)ccc3n2)cc1OC,1
305,Cc1cc(NC(=O)C2=C(O)c3ccccc3S(=O)(=O)N2C)no1,1
306,C[C@]12CC[C@@H]3c4ccc(O[C@@H]5O[C@H](C(=O)O)[C@@H](O)[C@H](O)[C@H]5O)cc4CC[C@H]3[C@@H]1CC[C@@H]2O,1
307,COc1ccc(CCNCCC[C@](C#N)(c2ccc(OC)c(OC)c2)C(C)C)cc1OC,1
308,C/C=C(\C)C(=O)O[C@H]1C(C)=C[C@]23C(=O)[C@@H](C=C(CO)[C@@H](O)[C@]12O)[C@H]1[C@@H](C[C@H]3C)C1(C)C,1
309,CN(C(=O)C(c1ccccc1)c1ccccc1)[C@H](CN1CC[C@H](O)C1)c1ccccc1,1
310,C=C[C@@H]1C[C@]1(NC(=O)[C@@H]1C[C@@H](Oc2cc(-c3ccccc3)nc3cc(OC)ccc23)CN1C(=O)[C@@H](NC(=O)OC(C)(C)C)C(C)(C)C)C(=O)NC#N,1
311,Cc1c2ccn(Cc3ccc(I)cc3)cc2c(C)c2c1[nH+]c1ccccc12,1
312,C[C@H]1C[C@H]2[C@@H]3CCC4=CC(=O)C=C[C@]4(C)[C@@]3(Cl)[C@@H](O)C[C@]2(C)[C@@]1(O)C(=O)CO,1
313,COc1ccc2[nH]c3c(C)c4c(c(C)c3c2c1)CN(C)C=C4,1
314,O=C(NCCN1CCN(c2cccc3c2OC[C@@H](CO)O3)CC1)c1ccc(F)cc1,1
315,C[C@H]1COc2c(C3(N)CC3)c(F)cc3c(=O)c(C(=O)O)cn1c23,1
316,CC/C(=C(\c1ccc(O)cc1)c1ccc(OCCNC)cc1)c1ccccc1,1
317,COc1ccnc(C[S@](=O)c2nc3cc(OC(F)F)ccc3[nH]2)c1OC,1
318,COc1cc(Cc2cnc(N)nc2N)cc(OC)c1OC,1
319,CC[C@@H](C)S[C@H]1SC[C@H]2C(=O)N(C)[C@@]3(C[C@@H]3C)C(=O)OC[C@@H](NC(=O)c3nc4ccccc4cc3O)C(=O)N[C@@H](C)C(=O)N(C)[C@@H]1C(=O)N(C)[C@@]1(C[C@@H]1C)C(=O)OC[C@@H](NC(=O)c1nc3ccccc3cc1O)C(=O)N[C@@H](C)C(=O)N2C,1
320,CC1=C[C@H]2O[C@@H]3C[C@H]4OC(=O)/C=C/C=C/[C@@H]([C@@H](C)O)OC[C@H](O)[C@@]5(C)O[C@@H]5C(=O)OC[C@@]2(C[C@H]1O)[C@]4(C)[C@]31CO1,1
321,Cc1cccc(NC(=O)N[C@@H]2N=C(c3ccccc3)c3ccccc3N(C)C2=O)c1,1
322,CC(C)(C)NC[C@H](O)COc1nsnc1N1CCOCC1,1
323,CC(C)OC(=O)OCOP(=O)(CO[C@H](C)Cn1cnc2c(N)ncnc21)OCOC(=O)OC(C)C,1
324,CN(C)CCNC(=O)c1ccc2c3c(nn2CCN(C)C)-c2cc(O)ccc2Nc13,1
325,C#C[C@]1(O)CC[C@H]2[C@@H]3CCc4cc(O)ccc4[C@H]3CC[C@@]21C,1
326,COc1cc2c[n+](C)c3c4ccccc4ccc3c2cc1OC,1
327,Cc1ccc(/C(=C/CN2CCCC2)c2cccc(/C=C/C(=O)N3CCCCC3)n2)cc1,1
328,CCOC(=O)[C@@H]1C(C)=NC(C)=C(C(=O)OCCNC(=O)CCc2ccc(O)c(I)c2)[C@H]1c1ccccc1C(F)(F)F,1
329,COc1cc2nc(N3CCN(C(=O)CCC4=[N+]5C(=Cc6c(C)cc(C)n6[B-]5(F)F)C=C4)CC3)nc(N)c2cc1OC,1
330,O=C(O)c1cc(C(=O)O)c2c(n1)c(O)c(O)c1cc(C(=O)O)[nH]c12,1
331,C[n+]1c(/C=C/C=C2N(Cc3ccc(CCl)cc3)c3cc(Cl)c(Cl)cc3N2Cc2ccc(CCl)cc2)oc2ccccc21,1
332,COc1ccc2c(c1)N(C[C@H](C)CN(C)C)c1ccccc1S2,1
333,N[C@H]1CC[C@@H](c2ccc(Cl)c(Cl)c2)c2ccccc21,1
334,COc1cc([C@@H]2c3[nH]c4ccccc4c3[C@@H](Nc3ccc([N+](=O)[O-])cc3)[C@H]3COC(=O)N23)cc(OC)c1O,1
335,COc1c(OC(C)=O)c(OC(C)=O)cc2c1-c1ccc(SC)c(=O)cc1[C@@H](NC(C)=O)CC2,1
336,CCCCCCCCCCSC[C@@H](CO)NC(=O)/C=C/c1c(C)[nH]c(=O)[nH]c1=O,1
337,C=C[C@@H]1C[C@]1(NC(=O)[C@@H]1C[C@@H](Oc2cc(-c3ccccc3)nc3cc(OC)ccc23)CN1C(=O)[C@@H](NC(=O)OC(C)(C)C)C(C)(C)C)C(=O)NNC(=O)c1ccccc1,1
338,C[C@]12C=CC(=O)C=C1CC[C@@H]1[C@@H]2[C@@H](O)C[C@@]2(C)[C@H]1CC[C@]2(O)C(=O)CO,1
339,COC(=O)[C@@]12OC[C@]34[C@@H]1[C@H](OC(=O)/C=C(\C)C(C)C)C(=O)O[C@@H]3C[C@H]1[C@@H](C)C(=O)C(=O)C[C@@]1(C)[C@@H]4[C@H](O)[C@@H]2O,1
340,CCCCCCCCCCCCCCCCOC[C@H](CO[P@](=O)([O-])OCC[N+](C)(C)C)OC(C)=O,1
341,COc1cccc2c1C(=O)c1c(O)c3c(c(O)c1C2=O)C[C@@](O)(C(=O)CO)C[C@@H]3O[C@H]1C[C@H](N)[C@@H](O)[C@H](C)O1,1
342,N=C(N)c1ccc(CNC(=O)[C@@H]2CCN2C(=O)[C@H](NCC(=O)O)C2CCCCC2)cc1,1
343,OCCOCCN1CCN(C2=Nc3ccccc3Sc3ccccc32)CC1,1
344,CC(=O)N(C)c1ccc(Nc2cc(C)nc3ccc4[nH]cnc4c23)cc1,1
345,CN(C)CCn1c(=O)c2ccc3c4c(nn3CCN(C)C)c3cc(O)ccc3n(c1=O)c24,1
346,CCCCCC(=O)N[C@@H](c1ccccc1)[C@@H](O)C(=O)O[C@H]1C[C@@]2(O)[C@@H](OC(=O)c3ccccc3)[C@@H]3[C@]4(OC(C)=O)CO[C@@H]4C[C@H](O[C@@H]4OC[C@@H](O)[C@H](O)[C@H]4O)[C@@]3(C)C(=O)[C@H](O)C(=C1C)C2(C)C,1
347,CC(=O)OCOC(=O)CN(CC(=O)OCOC(C)=O)Cc1cc2c(cc1OC(C)=O)Oc1cc(OC(C)=O)c(CN(CC(=O)OCOC(C)=O)CC(=O)OCOC(C)=O)cc1C21OC(=O)c2ccccc21,1
348,Cc1n(Cc2ccc([N+](=O)[O-])cc2)c2c([n+]1-c1ccccc1)C(=O)c1ccccc1C2=O,1
349,N#Cc1ccc(Cn2cncc2CN2CCN(c3cccc(Cl)c3)C(=O)C2)cc1,1
350,N=C1C=CC(=C(c2ccc(N)cc2)c2ccc(N)cc2)C=C1,1
351,C/C=C/C[C@@H](C)[C@@H](O)[C@H]1C(=O)N[C@@H](CC)C(=O)N(C)CC(=O)N(C)[C@@H](CC(C)C)C(=O)N[C@@H](C(C)C)C(=O)N(C)[C@@H](CC(C)C)C(=O)N[C@@H](C)C(=O)N[C@H](C)C(=O)N(C)[C@@H](CC(C)C)C(=O)N(C)[C@@H](CC(C)C)C(=O)N(C)[C@@H](C(C)C)C(=O)N1C,1
352,Cc1ccc(/C(=C/CN2CCCC2)c2cccc(/C=C/C(=O)N3CCOCC3)n2)cc1,1
353,CCN(CC)c1ccc(/C=C2\C[N+](C)(C)C/C(=C\c3ccc(N(CC)CC)cc3)C2=O)cc1,1
354,N[C@@H]1CN(c2c(F)cc3c(=O)c(C(=O)O)cn([C@@H]4C[C@@H]4F)c3c2Cl)CC12CC2,1
355,COc1cc2nc(N3CCN(C(=O)c4ccco4)CC3)nc(N)c2cc1OC,1
356,O=C1CCCN1CCCCN1CCN(c2cc(C(F)(F)F)ccn2)CC1,1
357,C/C(=C/c1csc(C)n1)[C@@H]1C[C@@H]2O[C@@H]2CCC[C@H](C)[C@H](O)[C@@H](C)C(=O)C(C)(C)[C@@H](O)CC(=O)O1,1
358,CN1C[C@@H]2C[C@H]1CN2c1cc2c(cc1F)c(=O)c(C(=O)O)cn2C1CC1,1
359,Cc1c2cc[n+](C)cc2c(C)c2c1sc1ccccc12,1
360,CC(C)n1c(/C=C/[C@H](O)C[C@H](O)CC(=O)O)c(-c2ccc(F)cc2)c2ccccc21,1
361,CC(C)C(=O)OCC(=O)[C@@]12O[C@H](C3CCCCC3)O[C@@H]1C[C@H]1[C@@H]3CCC4=CC(=O)C=C[C@]4(C)[C@H]3[C@@H](O)C[C@@]12C,1
362,CN1CCC[C@@H]1Cc1c[nH]c2ccc(CCS(=O)(=O)c3ccccc3)cc12,1
363,O=C1C[C@@H](c2ccc(O)cc2)Oc2cc(O)cc(O)c21,1
364,CCn1nc(Cc2ccccc2)cc1C1CCN(C[C@H]2C[C@H](N(C)[C@@H](C(=O)O)C(C)C)C[C@@H]2c2cccc(F)c2)CC1,1
365,CCCCc1nc(Cl)c(CO)n1Cc1ccc(-c2ccccc2-c2nnn[nH]2)cc1,1
366,COc1cc2c[n+](C)c3c4cc5c(cc4ccc3c2cc1OC)OCO5,1
367,NC(=O)N1c2ccccc2[C@H]2O[C@H]2c2ccccc21,1
368,COCOc1ccc2c(c1)[C@@H]1OC(=O)O[C@]13CCC(C)=C(COC2)C3(C)C,1
369,CC[C@H]1OC(=O)[C@H](C)[C@@H](O[C@H]2C[C@@](C)(OC)[C@@H](O)[C@H](C)O2)[C@H](C)[C@@H](O[C@@H]2O[C@H](C)C[C@H](N(C)C)[C@H]2O)[C@](C)(O)C[C@@H](C)/C(=N\OCOCCOC)[C@H](C)[C@@H](O)[C@]1(C)O,1
370,CC1(C)O[C@@H]2[C@@H](CO[C@@]3(COS(N)(=O)=O)OC(C)(C)O[C@@H]23)O1,1
371,COc1cccc2c1C(=O)c1c(O)c3c(c(O)c1C2=O)C[C@@](O)(C(=O)CO)C[C@@H]3O[C@H]1C[C@H](O)[C@H](O)[C@H](C)O1,1
372,C(=N/NC1=NCCN1)\c1c2ccccc2c(/C=N/NC2=NCCN2)c2ccccc12,1
373,C[C@]12CC[C@@H]3c4ccc(O)cc4CC[C@H]3[C@@H]1CC[C@@H]2O[C@@H]1O[C@H](C(=O)O)[C@@H](O)[C@H](O)[C@H]1O,1
374,CN[C@H]1CC[C@@H](c2ccc(Cl)c(Cl)c2)c2ccccc21,1
375,CC[n+]1c(/C=C/c2ccc(N(CCCl)CCCl)cc2)ccc2cc(NC(=O)/C=C/c3ccccc3)ccc21,1
376,CCOC(=O)N1CCC(=C2c3ccc(Cl)cc3CCc3cccnc32)CC1,1
377,CCCCC[C@H](O)/C=C/[C@H]1C(=O)C=C[C@@H]1C/C=C/CCCC(=O)O,1
378,COc1cc2c(ccc3c4cc(OC)c(OC)cc4c[n+](C)c23)cc1O,1
379,Cc1cc(C(=C2C=CC(=N)C=C2)c2ccc(N)cc2)ccc1N,1
380,COc1cccc2c1C(=O)c1c(O)c3c(c(O)c1C2=O)C[C@@](O)(C(=O)CO)C[C@@H]3O[C@H]1C[C@H](N)[C@H](O)[C@H](C)O1,1
381,COc1ccc2c(c1)c[n+](C)c1c3cc(OC)c(OC)cc3ccc21,1
382,O=C(O)[C@H]1O[C@@H](Oc2ccc([C@H]3Sc4cc(O[C@@H]5O[C@H](C(=O)O)[C@@H](O)[C@H](O)[C@H]5O)ccc4[C@@H]3C(=O)c3ccc(OCCN4CCCCC4)cc3)cc2)[C@H](O)[C@@H](O)[C@@H]1O,1
383,COc1ccc2c(c1)c1c(C)c3cn(C)ccc3c(C)c1[n+]2C,1
384,COc1ccc2c(c1)-c1nn(CCN(C)C)c3ccc(C(=O)NCCN(C)C)c(c13)N2,1
385,Cc1c2ccn(C)c(C)c2cc2c1[nH+]c1ccccc12,1
386,CC[C@H]1CN2CCc3cc(OC)c(OC)cc3[C@@H]2C[C@@H]1C[C@H]1NCCc2c1[nH]c1ccc(O)cc21,1
387,O=c1c(Cc2ccccc2)nc2c(Cc3ccccc3)[nH]c(-c3ccc(O)cc3)cn1-2,1
388,CC[C@H](CO)Nc1nc(NCc2ccccc2)c2ncn(C(C)C)c2n1,1
389,C/C(=C\c1csc(C)n1)[C@@H]1C[C@@H]2O[C@]2(C)CCC[C@H](C)[C@H](O)[C@@H](C)C(=O)C(C)(C)[C@@H](O)CC(=O)N1,1
390,COc1cc2c(cc1OC)[C@H](OC)N(C)c1c-2ccc2cc3c(cc12)OCO3,1
391,C[C@@H]1CN(c2c(F)c(N)c3c(=O)c(C(=O)O)cn(C4CC4)c3c2F)C[C@H](C)N1,1
392,CO[C@H]1C[C@H](O[C@H]2[C@H](C)O[C@@H](O[C@@H]3/C(C)=C/C[C@@H]4C[C@@H](C[C@]5(C=C[C@H](C)[C@@H](C6CCCCC6)O5)O4)OC(=O)[C@@H]4C=C(C)[C@@H](O)[C@H]5OC/C(=C\C=C\[C@@H]3C)[C@]54O)C[C@@H]2OC)O[C@@H](C)[C@@H]1O,1
393,COc1cc([C@](C#N)(CCCN(C)CCc2cccc(N=[N+]=[N-])c2)C(C)C)cc(OC)c1OC,1
394,c1ccc2c(c1)Sc1ccccc1N2C[C@@H]1CN2CCC1CC2,1
395,OCCN(CCO)c1nc(N2CCCCC2)c2nc(N(CCO)CCO)nc(N3CCCCC3)c2n1,1
396,COc1cc(/C=C/C(=O)O[C@H]2CC[C@H](N(C)[C@H]3CC[C@H](OC(=O)c4cc(OC)c(OC)c(OC)c4)CC3)CC2)cc(OC)c1OC,1
397,CC(C)=CC(=O)O[C@H]1[C@H]2OC(=O)C[C@H]3[C@@H](C)[C@@H](O)[C@@]4(O)OC[C@@]23[C@@H]4[C@]2(C)C(=O)[C@H](O)C=C(C)[C@@H]12,1
398,Cc1nccn1C[C@@H]1CCc2c(c3ccccc3n2C)C1=O,1
399,Cc1nc2n(c(=O)c1CCN1CCC(c3noc4cc(F)ccc34)CC1)CCCC2,1
400,CC1(C)CCC(c2ccc(Cl)cc2)=C(CN2CCN(c3ccc(C(=O)NS(=O)(=O)c4ccc(N[C@H](CCN5CCOCC5)CSc5ccccc5)c(S(=O)(=O)C(F)(F)F)c4)cc3)CC2)C1,1
401,CC(C)(C)NC[C@@H](O)COc1cccc2c1C[C@@H](O)[C@H](O)C2,1
402,C=C(NC(=O)C(=C)NC(=O)c1csc(C2=N[C@@H]3c4csc(n4)[C@@H]4NC(=O)c5csc(n5)[C@H]([C@](C)(O)[C@H](C)O)NC(=O)[C@@H]5CSC(=N5)/C(=C/C)NC(=O)[C@H]([C@H](C)O)NC(=O)c5csc(n5)[C@@]3(CC2)NC(=O)[C@H](C)NC(=O)C(=C)NC(=O)[C@H](C)NC(=O)[C@H]([C@H](C)CC)N[C@H]2C=Cc3c([C@H](C)O)cc(nc3[C@H]2O)C(=O)O[C@@H]4C)n1)C(N)=O,1
403,CC(C)(C)c1cnc(CSc2cnc(NC(=O)C3CCNCC3)s2)o1,1
404,CO[C@H]1C[C@@H]2CC[C@@H](C)[C@@](O)(O2)C(=O)C(=O)N2CCCC[C@H]2C(=O)O[C@H]([C@H](C)C[C@@H]2CC[C@@H](OC(=O)C(C)(CO)CO)[C@H](OC)C2)CC(=O)[C@H](C)/C=C(\C)[C@@H](O)[C@@H](OC)C(=O)[C@H](C)C[C@H](C)/C=C/C=C/C=C\1C,1
405,COc1cc2c(c(OC)c1OC)-c1ccc(OC)c(=O)cc1[C@@H](NC(=S)Nc1ccc3c(c1)C(=O)OC31c3ccc(O)cc3Oc3cc(O)ccc31)CC2,1
406,CCCc1nc(C(C)(C)O)c(C(=O)OCc2oc(=O)oc2C)n1Cc1ccc(-c2ccccc2-c2nnn[nH]2)cc1,1
407,CC(=O)O[C@H]1C(=O)[C@]2(C)[C@@H](O)C[C@H]3OC[C@@]3(OC(C)=O)[C@@H]2[C@@H](OC(=O)c2ccccc2)[C@]2(O)C[C@H](OC(=O)[C@H](O)[C@H](NC(=O)c3ccccc3)c3ccccc3C)C(C)=C1C2(C)C,1
408,CC[C@]1(O)C[C@@H]2CN(CCc3c([nH]c4ccccc34)[C@@](C(=O)OC)(c3cc4c(cc3OC)N(C=O)[C@H]3[C@@](O)(C(=O)OC)[C@H](OC(C)=O)[C@]5(CC)C=CCN6CC[C@]43[C@@H]65)C2)C1,1
409,Cc1n(C)c2c([n+]1CC(C)C)C(=O)c1ccccc1C2=O,1
410,Cc1ccc(/C(=C/CN2CCCC2)c2cccc(/C=C/C(=O)N(C)c3ccccc3)n2)cc1,1
411,COc1c(N2CCN[C@@H](C)C2)c(F)cc2c(=O)c(C(=O)O)cn(C3CC3)c12,1
412,Cc1cccn2c(=O)c(-c3nnn[nH]3)cnc12,1
413,C[C@]12C=CC(=O)C=C1CC[C@@H]1[C@@H]2C(=O)C[C@@]2(C)[C@H]1CC[C@]2(O)C(=O)CO,1
414,c1ccc2c(c1)Nc1ccccc1O2,1
415,Oc1ccc2c3c1O[C@H]1[C@@H](O)CC[C@@]4(O)[C@@H](C2)N(CC2CCC2)CC[C@]314,1
416,CN[C@@H]1C[C@H]2O[C@@](C)([C@@H]1OC)n1c3ccccc3c3c4c(c5c6ccccc6n2c5c31)C(=O)NC4,1
417,C[n+]1c2ccccc2n2c3ccccc3c(NCCCN3CCOCC3)c(C#N)c21,1
418,CO[C@H]1C[C@H](O[C@@H]2/C(C)=C/C[C@@H]3C[C@@H](C[C@]4(CC[C@H](C)[C@@H](C5CCCCC5)O4)O3)OC(=O)[C@@H]3C=C(C)/C(=N/O)[C@H]4OC/C(=C\C=C\[C@@H]2C)[C@]43O)O[C@@H](C)[C@@H]1O,1
419,COc1ccc2c[n+](C)c3c4cc(OC)c(OC)cc4ccc3c2c1,1
420,CN(C)c1ccc(/C=c2/c3ccccc3n3c2cc(-c2ccc(Cl)cc2)[n+]3C)cc1,1
421,Cc1nnc2n1-c1sc(CCC(=O)N3CCOCC3)cc1C(c1ccccc1Cl)=NC2,1
422,COc1ccc2c(c1)CCC(c1ccccc1)=C2c1ccc(OCCN2CCCC2)cc1,1
423,CN(C)[C@@H]1C(O)=C(C(N)=O)C(=O)[C@@]2(O)C(O)=C3C(=O)c4c(O)cccc4[C@@](C)(O)[C@H]3C[C@@H]12,1
424,NC(=O)N1c2ccccc2CC(=O)c2ccccc21,1
425,CC(C)c1c(C(=O)Nc2ccccc2)c(-c2ccccc2)c(-c2ccc(F)cc2)n1CC[C@@H](O)C[C@@H](O)CC(=O)O,1
426,COc1ccc(-c2c3ccc(N(C)C)cc3[s+]c3cc(N(C)C)ccc23)cc1OC,1
427,C=C[C@H]1CN2CC[C@H]1C[C@H]2[C@H](O)c1ccnc2ccc(OC)cc12,1
428,COc1cc(C#CC(=O)O[C@H]2CC[C@H](N(C)[C@H]3CC[C@H](OC(=O)c4cc(OC)c(OC)c(OC)c4)CC3)CC2)cc(OC)c1OC,1
429,C[C@]12CC[C@H](O)C[C@H]1CC[C@@H]1[C@@H]2CC[C@]2(C)[C@@H](C3=CC(=O)OC3)CC[C@]12O,1
430,COc1cc2c(cc1OC)CN(CCC[C@@H]1CCCc3c(OC)cccc31)CC2,1
431,CN(C)c1ccc(/C=C2\C[N+](C)(C)C/C(=C\c3ccc(N(C)C)cc3)C2=O)cc1,1
432,CCCC[C@@H](C=O)NC(=O)[C@H](CC(C)C)NC(=O)[C@H](CC(C)C)NC(C)=O,1
433,CNCCC[C@](C#N)(c1ccc(OC)c(OC)c1)C(C)C,1
434,CN1CC[C@]23c4c5ccc(O)c4O[C@H]2[C@@H](O)C=C[C@@H]3[C@H]1C5,1
435,Cn1nnnc1SCC1=C(C(=O)O)N2C(=O)[C@@H](NC(=O)C3SC(=C(C(N)=O)C(=O)O)S3)[C@H]2SC1,1
436,CC(C)c1nc(N(C)S(C)(=O)=O)nc(-c2ccc(F)cc2)c1/C=C/[C@@H](O)C[C@@H](O)CC(=O)O,1
437,COc1ccc(C[C@@H](C=O)NC(=O)[C@@H](NC(=O)[C@H](Cc2ccc(OC)cc2)NC(=O)Cc2cccc3ccccc23)C(C)C)cc1,1
438,Cc1c2ccn(CCN3CCCCC3)cc2c(C)c2c1[nH+]c1ccc(O)cc12,1
439,C[C@]12C[C@H](O)[C@H]3[C@@H](CCC4=CC(=O)CC[C@@]43C)[C@@H]1CC[C@@H]2C(=O)CO,1
440,CC[N+](C)(CC)CCNC(=O)c1ccc(N=[N+]=[N-])cc1,1
441,CC1(C)CC(=O)N(CCCCN2CCN(c3ncccn3)CC2)C(=O)C1,1
442,COc1cccc(-c2c3ccc(N(C)C)cc3[s+]c3cc(N(C)C)ccc23)c1,1
443,C[C@H]1C[C@H]2[C@@H]3CCC4=CC(=O)C=C[C@]4(C)[C@@]3(F)[C@@H](O)C[C@]2(C)[C@@]1(O)C(=O)CO,1
444,CC[C@@]1(O)C(=O)OCc2c1cc1n(c2=O)Cc2c-1nc1ccccc1c2CCNC(C)C,1
445,C[C@]12CC[C@@H]3c4ccc(OS(=O)(=O)O)cc4CC[C@H]3[C@@H]1CCC2=O,1
446,O=c1c(Cc2ccc(F)cc2)nc2c(Cc3ccccc3)[nH]c(-c3ccc(O)cc3)cn1-2,1
447,COc1ccc2cc1Oc1ccc(cc1)C[C@H]1c3c(cc4c(c3Oc3cc5c(cc3OC)CCN(C)[C@@H]5C2)OCO4)CCN1C,1
448,O=[S@@]1OC[C@@H]2[C@@H](CO1)[C@@]1(Cl)C(Cl)=C(Cl)[C@]2(Cl)C1(Cl)Cl,1
449,CC(=O)O[C@H]1C[C@@H]2CC[C@@H]3[C@H](CC[C@@]4(C)[C@H]3C[C@H]([N+]3(C)CCCCC3)[C@@H]4OC(C)=O)[C@@]2(C)C[C@@H]1N1CCCCC1,1
450,CN(C)CCNC(=O)c1ccc2c3c(nn2CCN(C)C)-c2ccccc2Nc13,1
451,C[C@@H]1C[C@H]2CC[C@H](O2)[C@H](C)C(=O)O[C@@H](C)C[C@@H]2CC[C@@H](O2)[C@@H](C)C(=O)O[C@H](C)C[C@H]2CC[C@H](O2)[C@H](C)C(=O)O[C@@H](C)C[C@@H]2CC[C@@H](C2)[C@@H](C)C(=O)O1,1
452,COc1ccc2nc([S@@](=O)Cc3ncc(C)c(OC)c3C)[nH]c2c1,1
453,CC(C)(C)OC(=O)CN1CCN(CC(=O)N2CCN(C(=O)OCc3ccccc3)CC2)CCN(CC(=O)OC(C)(C)C)CCN(CC(=O)N2CCN(C(=O)OCc3ccccc3)CC2)CC1,1
454,CC(=O)O[C@@H]1C(=O)O[C@@H]2C[C@H]3C(C)=C[C@H](O)C(=O)[C@]3(C)[C@@H]3[C@]4(O)OC[C@]23[C@@H]1[C@@H](C)[C@H]4O,1
455,CCC1=C[C@@H]2CN(C1)Cc1c([nH]c3ccccc13)[C@@](C(=O)OC)(c1cc3c(cc1OC)N(C)[C@H]1[C@@](O)(C(=O)OC)[C@H](OC(C)=O)[C@]4(CC)C=CCN5CC[C@]31[C@@H]54)C2,1
456,CCCCCCCCCCCCCCCC(=O)O[C@H](COC(=O)CCCCCNc1ccc([N+](=O)[O-])c2nonc12)CO[P@](=O)(O)OC[C@H](N)C(=O)O,1
457,CN1C(=O)COc2c(C(=O)N[C@@H]3CN4CCC3CC4)cc(Cl)cc21,1
458,COc1c(O)c(O)cc2c1-c1ccc(OC)c(=O)cc1[C@@H](NC(C)=O)CC2,1
459,CC(=O)O[C@H]1[C@@H](O)C[C@H](O[C@H]2[C@@H](O)C[C@H](O[C@H]3[C@@H](O)C[C@H](O[C@H]4CC[C@@]5(C)[C@H](CC[C@@H]6[C@@H]5C[C@@H](O)[C@]5(C)[C@@H](C7=CC(=O)OC7)CC[C@]65O)C4)O[C@@H]3C)O[C@@H]2C)O[C@@H]1C,1
460,C[n+]1c(-c2ccccc2)cc2/c(=C\c3ccccc3)c3ccccc3n21,1
461,O=C(Nc1ccc(OCCO)c(F)c1)c1c[nH]c2c1C(=O)CCC2,1
462,O=c1c(O)c(-c2ccc(O)c(O)c2)oc2cc(O)cc(O)c12,1
463,Clc1ccc2c(c1)CCc1cccnc1C2=C1CCNCC1,1
464,Clc1ccc(-c2cc(Cl)c(Cl)c(Cl)c2)cc1Cl,1
465,COCOc1cccc2c1[C@@H]1OC(=O)O[C@]13CCC(C)=C(CO2)C3(C)C,1
466,CC(C)CN(C[C@@H](O)[C@H](Cc1ccccc1)NC(=O)O[C@H]1CCOC1)S(=O)(=O)c1ccc(N)cc1,1
467,Nc1nnc(-c2cccc(Cl)c2Cl)c(N)n1,1
468,CC(=O)[C@]1(O)Cc2c(O)c3c(c(O)c2[C@@H](O[C@H]2C[C@H](N)[C@H](O)[C@H](C)O2)C1)C(=O)c1ccccc1C3=O,1
469,C=CCNc1nc(NCC=C)nc(N2CCC(NCC(c3ccc(F)cc3)c3ccc(F)cc3)CC2)n1,1
470,COC(=O)c1ccccc1-c1c2ccc(=N)cc-2oc2cc(N)ccc12,1
471,C=C[C@@H]1C[C@]1(NC(=O)[C@@H]1C[C@@H](Oc2cc(-c3ccccc3)nc3cc(OC)ccc23)CN1C(=O)[C@@H](NC(=O)OC(C)(C)C)C(C)(C)C)C(=O)NNC(=O)Cc1ccccc1,1
472,C[C@H](Nc1cc(-c2c(-c3cccc(C(F)(F)F)c3)nc(C3CCNCC3)n2C)ccn1)c1ccccc1,1
473,CO[C@@H]1[C@H](C)O[C@H](O[C@H]2C[C@@H](Oc3cc4cc5c(c(O)c4c(O)c3C)C(=O)[C@@H](O[C@H]3C[C@H](O[C@H]4C[C@H](O[C@@H]6C[C@](C)(O)[C@H](OC(C)=O)[C@H](C)O6)[C@H](O)[C@H](C)O4)[C@H](O)[C@H](C)O3)[C@H]([C@@H](OC)C(=O)[C@@H](O)[C@H](C)O)C5)O[C@@H](C)[C@H]2OC(C)=O)C[C@@H]1O,1
474,Cc1c2ccn(C)cc2c(C)c2c1[nH+]c1ccccc12,1
475,C=C1C(C)(C)[C@@]23CC[C@]1(C)C(=O)c1cccc(OCOC)c1[C@@H]2OC(=O)O3,1
476,Cc1nc(Nc2ncc(C(=O)Nc3c(C)cccc3Cl)s2)cc(N2CCN(CCO)CC2)n1,1
477,COc1cc([C@@](C#N)(CCCN(C)CCc2cccc(N=[N+]=[N-])c2)C(C)C)cc(OC)c1OC,1
478,CC/C(=C(/CC)c1ccc(O)cc1)c1ccc(O)cc1,1
479,O=C1[C@H](CC[C@H](O)c2ccc(F)cc2)[C@@H](c2ccc(O)cc2)N1c1ccc(F)cc1,1
480,C=C(C)[C@@]12C[C@H](OC(=O)[C@H](O)[C@@H](NC(=O)c3ccccc3)c3ccccc3)C(C)=C1[C@H](OC(C)=O)C(=O)[C@@]1(C)[C@H]([C@@H]2OC(=O)c2cc(F)cc(F)c2)[C@]2(OC(C)=O)CO[C@@H]2C[C@@H]1O,1
481,COc1ccc(Cl)cc1C(=O)NCCc1ccc(S(=O)(=O)N/C(=N/C#N)N[C@H]2CC[C@H](C)CC2)cc1,1
482,CC[C@@]1(O)C(=O)OCc2c1cc1n(c2=O)Cc2cc3c(CN(C)C)c(O)ccc3nc2-1,1
483,O=C1c2c(O)ccc(O)c2C(=O)c2c(NCCNCCO)ccc(NCCNCCO)c21,1
484,N[C@@H](CC(=O)N1CCn2c(nnc2C(F)(F)F)C1)Cc1cc(F)c(F)cc1F,1
485,CCc1c2c(nc3ccc(OC(=O)N4CCC(N5CCCCC5)CC4)cc13)-c1cc3c(c(=O)n1C2)COC(=O)[C@]3(O)CC,1
486,CO[C@]12CC[C@@]3(C[C@@H]1[C@](C)(O)C(C)(C)C)[C@H]1Cc4ccc(O)c5c4[C@@]3(CCN1)[C@H]2O5,1
487,CCO[C@@H]1c2cc(OC)c(OC)cc2-c2ccc3ccccc3c2N1C,1
488,O=C(O)CCCC[C@@H]1SC[C@@H]2NC(=O)N[C@@H]21,1
489,CCC1=C[C@@H]2CN3CCc4c([nH]c5ccccc45)[C@@](C(=O)OC)(C2)[C@@H]13,1
490,COc1ccc(C[C@H](N)C(=O)N[C@H]2[C@@H](O)[C@H](n3cnc4c(N(C)C)ncnc43)O[C@@H]2CO)cc1,1
491,CN(C)C(=O)Oc1cccc([N+](C)(C)C)c1,1
492,CC(=O)O[C@H]1C(=O)[C@@]2(C)[C@H]([C@H](OC(=O)C3CCCCC3)[C@]3(O)C[C@H](OC(=O)[C@H](O)[C@@H](NC(=O)OC(C)(C)C)c4ccccc4)C(C)=C1C3(C)C)[C@]1(OC(C)=O)CO[C@@H]1C[C@@H]2O,1
493,CN(C)C(=O)C(CCN1CCC(O)(c2ccc(Cl)cc2)CC1)(c1ccccc1)c1ccccc1,1
494,Cn1c(=O)c(COc2cccc3ccccc23)nc2ccccc21,1
495,CCn1cc(C(=O)O)c(=O)c2cc(F)c(N3CCNCC3)cc21,1
496,CCCCCCCCCCCCOCCOCCOCCOCCOCCOCCOCCOCCO,1
497,C[C@@H](CCc1ccccc1)NC[C@@H](O)c1ccc(O)c(C(N)=O)c1,1
498,CS(=O)(=O)N1CCN(C2CN(CC[C@@]3(c4ccc(Cl)c(Cl)c4)CCC(=O)N(CC4CC4)C3)C2)CC1,1
499,CCN(CC)C(=O)Nc1ccc(OC[C@H](O)CNC(C)(C)C)c(C(C)=O)c1,1
500,COC(=O)[C@H](c1ccccc1Cl)N1CCc2sccc2C1,1
501,COC(=O)C1=C(C)NC(C)=C(C(=O)OCCCN2CCC(c3ccccc3)(c3ccccc3)CC2)[C@H]1c1cccc([N+](=O)[O-])c1,1
502,CO[C@@H]1[C@H](C)O[C@H](O[C@@H]2[C@H](C)O[C@H](Oc3cc(O)c4c(O)c5c(cc4c3)C[C@@H]([C@@H](OC)C(=O)[C@@H](O)[C@H](C)O)[C@H](O[C@H]3C[C@H](O[C@H]4C[C@H](O[C@@H]6C[C@](C)(O)[C@H](OC(=O)C(C)C)[C@H](C)O6)[C@H](O)[C@H](C)O4)[C@H](O)[C@H](C)O3)C5=O)C[C@@H]2OC(C)=O)C[C@@H]1O,1
503,COc1ccc(-c2c3c(n([C@H]4O[C@@H](COC(C)=O)[C@@H](OC(C)=O)[C@@H](OC(C)=O)[C@H]4OC(C)=O)c(=S)c2C#N)CC(C)(C)CC3=O)cc1,0
504,CC1(C)CC(Nc2ccc(Nc3ccccc3)cc2)CC(C)(C)N1,0
505,CCn1cc(C(=O)O)c(=O)c2cc(F)c(N3CCNCC3)nc21,0
506,O=C1/C(=C/c2ccccc2)CN(C(=O)CCN2CCCCC2)C/C1=C\c1ccccc1,0
507,Cc1cc(-c2ccc(/N=N/c3c(S(=O)(=O)O)cc4cc(S(=O)(=O)O)cc(N)c4c3O)c(C)c2)ccc1/N=N/c1c(S(=O)(=O)O)cc2cc(S(=O)(=O)O)cc(N)c2c1O,0
508,CCOc1cc2c(cc1O)CC[C@@H]1[C@@H]2CC[C@]2(C)[C@@H](N)CC[C@@H]12,0
509,Nc1nc2c(ncn2[C@H]2O[C@@H](CO)[C@@H](O)[C@H]2O)c(=O)[nH]1,0
510,N=C(N)NC(=O)c1nc(Cl)c(N)nc1N,0
511,COc1cc(C[C@H]2c3cc(OC)c(OC)cc3CCN2C)c(Oc2cc3c(cc2OC)-c2c(OC)c(OC)cc4c2[C@H](C3)N(C)CC4)cc1OC,0
512,CC[C@H](C)C[C@H](C)CCCCCCCCC(=O)N[C@H]1C[C@@H](O)[C@@H](NCCN)NC(=O)[C@@H]2[C@@H](O)CCN2C(=O)[C@H]([C@H](O)CCN)NC(=O)[C@H]([C@H](O)[C@@H](O)c2ccc(O)cc2)NC(=O)[C@@H]2C[C@@H](O)CN2C(=O)[C@H]([C@@H](C)O)NC1=O,0
513,C=CCc1cc(-c2cc(CC=C)c(O)c(CN(CC)CC)c2)cc(CN(CC)CC)c1O,0
514,Cn1c2ccccc2c(=O)c2c(O)cc3c(c21)C[C@@H]([C@]1(C)CO1)O3,0
515,CNC(=O)c1cccc2c(Nc3ccc(NS(C)(=O)=O)cc3OC)c3cccc(C)c3nc12,0
516,N[C@H](Cc1ccc(N(CCCl)CCCl)cc1)C(=O)O,0
517,CC1=NN(c2ccc(C)c(C)c2)C(=O)/C1=N\Nc1cccc(-c2cccc(C(=O)O)c2)c1O,0
518,NC(=O)NO,0
519,COC(=O)C1=C(C(=O)OC)[C@H](C(=O)OC)[C@@H](C(=O)OC)C(C(=O)OC)(C(=O)OC)C(C(=O)OC)=C1C(=O)OC,0
520,COC(=O)/C=C(\C)OP(=O)(OC)OC,0
521,CCCCCCCCCCCCCCCCCCN(C)C[C@H](CO[P@@](=O)(O)OCC[N+](C)(C)C)OC,0
522,O=c1ccc2ccc(O)cc2o1,0
523,COc1cc([C@@H]2c3cc4c(cc3[C@H](N(C)C)[C@H]3COC(=O)[C@H]23)OCO4)cc(OC)c1OC,0
524,Cc1cc(NS(=O)(=O)c2ccc(N)cc2)no1,0
525,CC(=O)O[C@@H]1C(=O)[C@@H](O)[C@H](C)O[C@@H]1O[C@H]1C[C@@]2(C)[C@@H]3CC=C4[C@@H](CC(=O)[C@@H](O)C4(C)C)[C@@]3(C)C(=O)C[C@@]2(C)[C@@H]1[C@@](C)(O)C(=O)/C=C/C(C)(C)O,0
526,CN(C)CCC=C1c2ccccc2C=Cc2ccccc21,0
527,COc1cc2cc(C3=NNC(=O)C[C@@H]3C)sc2cc1OC,0
528,O[C@](CCN1CCCCC1)(c1ccccc1)[C@H]1C[C@H]2C=C[C@@H]1C2,0
529,O=C(O)/C(Cl)=C(\Cl)C(=O)Nc1cccc(Cl)c1,0
530,O=c1[nH]c(=O)n([C@@H]2C[C@H](O)[C@H](CO)O2)cc1F,0
531,C[C@@H](CN1c2ccccc2Sc2ccccc21)N(C)C,0
532,COc1cc([C@H]2Oc3cc(-c4oc5cc(O)cc(O)c5c(=O)c4O)ccc3O[C@@H]2CO)ccc1O,0
533,C[C@]12CCC(=O)C=C1CC[C@H]1[C@@H]3CC[C@](O)(C(=O)CO)[C@@]3(C)C[C@H](O)[C@@]12F,0
534,CCOC(=O)c1c(-c2ccc(Cl)cc2)c(C#N)c(=S)n([C@@H]2O[C@H](COC(C)=O)[C@@H](OC(C)=O)[C@H](OC(C)=O)[C@H]2OC(C)=O)c1C,0
535,Cl[C@H]1[C@H](Cl)[C@@H](Cl)[C@@H](Cl)[C@H](Cl)[C@H]1Cl,0
536,Cn1c2ccccc2c2cc(-c3ccccc3)c3c(c21)C(=O)C=CC3=O,0
537,NS(=O)(=O)c1nn2c(Br)c(-c3ccccc3)nc2s1,0
538,O=[N+]([O-])c1ccc2c(Nc3ccccc3-c3ccccc3Nc3c4ccccc4nc4cc([N+](=O)[O-])ccc34)c3ccccc3nc2c1,0
539,COc1cc(OC)c(C(=O)/C=C/c2cn(C)c3ccccc23)c(OC)c1,0
540,C[C@]12CCC(=O)C=C1CC[C@@H]1[C@@H]2CC[C@]2(C)C(=O)CC[C@@H]12,0
541,O=C(O)CCc1cc2c(cc1O)Oc1cc(O)c(CCC(=O)O)cc1C21OC(=O)c2cc(C(=O)O)ccc21,0
542,O=C1Cc2ccccc2N1,0
543,Nc1nc(Cl)c(N)c(NC[C@]2(CO)C[C@H](CCCCc3ccccc3)C2)n1,0
544,CCCNC[C@@H](O)COc1ccccc1C(=O)CCc1ccccc1,0
545,COc1cccc2c1C(=O)c1c(O)c3c(c(O)c1C2=O)C[C@@](O)(C(=O)CO)C[C@@H]3O[C@H]1C[C@H](N2CCOCC2)[C@H](O)[C@H](C)O1,0
546,Cc1cc(C)nc(NS(=O)(=O)c2ccc(Nc3c4ccccc4nc4c(C(=O)NNCCO)cccc34)cc2)n1,0
547,Nc1ccn([C@@H]2CO[C@@H](CO)O2)c(=O)n1,0
548,Cc1cc(-c2ccco2)c(C#N)c(=S)n1[C@@H]1O[C@H](CO)[C@H](O)[C@H](O)[C@H]1O,0
549,Cc1ccc(N(CC(=O)O)CC(=O)O)c(OCCOc2cc(-c3c4cc(Cl)c(=O)cc-4oc4cc(O)c(Cl)cc34)ccc2N(CC(=O)O)CC(=O)O)c1,0
550,O=c1cc2ccccc2nn1Cc1ccccc1Cl,0
551,O=C(N[C@H](CO)[C@H](O)c1ccc([N+](=O)[O-])cc1)C(Cl)Cl,0
552,O=c1cc(-c2ccccc2)oc2cc(O)cc(O)c12,0
553,CN(C)CC/C=C1\c2ccccc2Sc2ccc(Cl)cc21,0
554,Cc1ccc(-c2nc3ccc(C)cn3c2CC(=O)N(C)C)cc1,0
555,COc1ccc2c(C(=O)c3cc(OC)c(OC)c(OC)c3)c[nH]c2c1,0
556,CNC(=O)O/N=C/C(C)(C)S(C)(=O)=O,0
557,CCCCOc1cc(C(=O)NCCN(CC)CC)c2ccccc2n1,0
558,COc1cc2c(Nc3ccc(Br)cc3F)ncnc2cc1OCC1CCN(C)CC1,0
559,Oc1ccc2ccccc2c1OCc1nnc(CCCCCCCCc2nnc(COc3c(O)ccc4ccccc34)n2Nc2ccccc2)n1Nc1ccccc1,0
560,CCOC(=O)C1=C(C)NC(C)=C(C(=O)OC)[C@H]1c1cccc(Cl)c1Cl,0
561,OC(Cn1cncn1)(Cn1cncn1)c1ccc(F)cc1F,0
562,CCOC(=O)/C=C(/C(=O)OCC)n1ccc(=O)n(Cc2cnnn2COCCOC(C)=O)c1=O,0
563,OCCOCCN1CCN([C@H](c2ccccc2)c2ccc(Cl)cc2)CC1,0
564,Cc1cn([C@H]2C=C[C@@H](CO)O2)c(=O)[nH]c1=O,0
565,CCCc1nc(C(C)(C)O)c(C(=O)O)n1Cc1ccc(-c2ccccc2-c2nnn[nH]2)cc1,0
566,CCOP(=S)(OCC)S[C@@H](CCl)N1C(=O)c2ccccc2C1=O,0
567,COP(=S)(OC)SCN1C(=O)c2ccccc2C1=O,0
568,COc1cccc2c1C(=O)c1c(O)c3c(c(O)c1C2=O)C[C@@](O)(C(C)=O)C[C@H]3O[C@H]1C[C@@H](n2cc(CCCCO)nn2)[C@@H](O)[C@@H](C)O1,0
569,CCOC(=O)C1=C(C)NC(C)=C(C(=O)OC)[C@H]1c1cccc([N+](=O)[O-])c1,0
570,O=c1c(Cc2ccc(O)cc2)nc2c(CC3CCCC3)[nH]c(-c3ccc(O)cc3)cn1-2,0
571,O[C@@H](COc1cccc2ncccc12)CN1CCN([C@@H]2c3ccccc3[C@@H]3[C@H](c4ccccc42)C3(F)F)CC1,0
572,CC(=O)[C@H]1O[C@@H](Oc2ccc(/C=C(\C)C(=O)N[C@@H]3[C@H](O)[C@@H](O)[C@H]4OCO[C@H]4[C@@H]3O)cc2O)[C@@H](O)[C@@H]1O,0
573,COc1cccc(COc2ccccc2CCc2ccccc2)c1OC,0
574,O[C@H](COc1cccc2ncccc12)CN1CCN(C2c3ccccc3CCc3ccccc32)CC1,0
575,COc1ccc(-c2c(C(C)=O)c(-c3ccccc3)n([C@@H]3O[C@H](COC(C)=O)[C@H](OC(C)=O)[C@H](OC(C)=O)[C@H]3OC(C)=O)c(=S)c2C#N)cc1,0
576,C[C@@H]1[C@@H](c2ccc3c(c2)OCO3)c2cc3c(cc2O[C@@H]1N1CCOCC1)OCO3,0
577,CC(=O)NCCCCCCNC(C)=O,0
578,CC(=O)O[C@H]1CC[C@@]2(C)C(=CC[C@@H]3[C@@H]2CC[C@]2(C)Nc4c(cnn4-c4ccc(F)cc4)C[C@@H]32)C1,0
579,O=c1cc(-c2ccccc2)oc2ccccc12,0
580,COc1cccc2c1C(=O)c1c(O)c3c(c(O)c1C2=O)C[C@@](O)(C(C)=O)C[C@H]3O[C@H]1C[C@@H](n2cc(CO)nn2)[C@@H](O)[C@@H](C)O1,0
581,C[C@@H]1CC[C@H]2[C@@H](C)C(=O)O[C@@H]3O[C@@]4(C)CC[C@@H]1[C@]32OO4,0
582,N#Cc1c2c(c(-c3cccs3)n([C@H]3O[C@@H](CO)[C@@H](O)[C@@H](O)[C@H]3O)c1=S)CCc1ccccc1-2,0
583,CN(C)CCOC(c1ccccc1)c1ccccc1,0
584,CC[C@]12C=CCN3CC[C@@]4(c5ccc(OC)cc5N(C)[C@H]4[C@@](O)(C(=O)OC)[C@@H]1OC(C)=O)[C@@H]32,0
585,C=C(CC[C@H](O)[C@@]1(C)CC[C@H](C(C)(C)O)O1)[C@H]1CC[C@H]2O[C@@H]([C@]3(C)CC[C@@H](Br)C(C)(C)O3)CC[C@]2(C)O1,0
586,Cc1cc(C)nc(NS(=O)(=O)c2ccc(NC(=O)COC(=O)c3cccc4c(=O)c5ccccc5[nH]c34)cc2)n1,0
587,N#Cc1c(=O)c2cc([N+](=O)[O-])ccc2n2c1[nH]c1ccccc12,0
588,OCCN1CCN(CCCN2c3ccccc3Sc3ccc(Cl)cc32)CC1,0
589,C/C=C(\CC[C@@H](C)[C@H]1CC[C@H]2[C@@H]3CC=C4C[C@@H](O)CC[C@]4(C)[C@H]3CC[C@]12C)C(C)C,0
590,CC[C@@H]1CN2CCc3cc(OC)c(OC)cc3[C@H]2C[C@@H]1C[C@@H]1c2cc(OC)c(OC)cc2CCN1C(=O)[C@H](Cc1c[nH]c2ccccc12)NC(=O)OC(C)(C)C,0
591,COC(=O)Nc1nc2ccc([S@@](=O)c3ccccc3)cc2[nH]1,0
592,COc1c(O)cc(C(=O)O[C@@H]2Cc3c(O)cc(O)cc3O[C@@H]2c2cc(O)c(OC)c(O)c2)cc1O,0
593,NC(=O)N1c2ccccc2C=Cc2ccccc21,0
594,COc1ccc(C2=CN3CCC[C@H]3C=C2c2cc(O)c(OC)c(OC)c2)cc1OC,0
595,CCCCCCCCC/C=C1\CC[C@@H](CN2CCOCC2)C1=O,0
596,CO[P@](=S)(Oc1cc(Cl)c(Br)cc1Cl)c1ccccc1,0
597,O=C(O)c1cc(/N=N/c2ccc(S(=O)(=O)Nc3ccccn3)cc2)ccc1O,0
598,NC(=O)c1cc[n+](CC2=C(C(=O)[O-])N3C(=O)[C@@H](NC(=O)[C@@H](c4ccccc4)S(=O)(=O)O)[C@H]3SC2)cc1,0
599,CCC[C@@H]1O[C@@H]2C[C@H]3[C@@H]4CCC5=CC(=O)C=C[C@]5(C)[C@H]4[C@@H](O)C[C@]3(C)[C@]2(C(=O)CO)O1,0
600,CC(C)N1CCC(N(C(=O)Cc2ccccc2)c2ccc(Cl)cc2)CC1,0
601,CC(C)NC[C@@H](O)COc1ccc(CC(N)=O)cc1,0
602,CCOC(=O)CNC(=O)N(CC)[C@]12C[C@H]3C[C@H](C[C@H](C3)C1)C2,0
603,O=C1c2ccccc2C(=O)c2c1ccc1conc21,0
604,COc1cccc2c1[C@@H](CO)N1[C@@H](C#N)[C@@H]3C[C@@H](C(=O)O)[C@H]([C@@H]1C2)N3C,0
605,CNS(=O)(=O)Cc1ccc2[nH]cc(CCN(C)C)c2c1,0
606,C[C@@H]1O[C@@H](O[C@H]2C[C@@H](O)[C@]3(CO)[C@H]4[C@H](O)C[C@]5(C)[C@@H](C6=CC(=O)OC6)CC[C@]5(O)[C@@H]4CC[C@]3(O)C2)[C@H](O)[C@H](O)[C@H]1O,0
607,CN1CCC(=C2c3ccccc3C=Cc3ccccc32)CC1,0
608,CNC(C)(C)Cc1ccccc1,0
609,O=CN[C@@H](N1CCN([C@H](NC=O)C(Cl)(Cl)Cl)CC1)C(Cl)(Cl)Cl,0
610,CC(C)=CCC/C(C)=C/CC/C(C)=C\CO,0
611,CCc1nn(CCCN2CCN(c3cccc(Cl)c3)CC2)c(=O)n1CCOc1ccccc1,0
612,COc1cc([C@H]2Oc3cc(-c4oc5c(C/C=C(\C)CCC=C(C)C)c(O)cc(O)c5c(=O)c4O)ccc3O[C@@H]2CO)ccc1O,0
613,CCNc1nc2nn[nH]c2c(=O)[nH]1,0
614,C[C@]1(O)C[C@]2(O)C=CC3=C(C(=O)c4cccc(O)c4C3=O)[C@]2(O)C(=O)[C@H]1O,0
615,CCc1cccc2cc([C@@H](O)CNC(C)(C)C)oc12,0
616,CCOC(=O)[C@H]1C(=O)[C@@H](C(=O)OCC)[C@H](c2ccccc2)N(C)[C@@H]1c1ccccc1,0
617,CNc1nc(N(C)C)nc(N(C)C)n1,0
618,CCNc1nc(Cl)nc(NC(C)C)n1,0
619,N#Cc1cc2c(n([C@H]3O[C@@H](CO)[C@@H](O)[C@@H](O)[C@H]3O)c1=S)CCC2,0
620,C=C1C(=O)OC[C@@H]2C(C(=O)O)=C[C@H]3[C@H](C)C(C)=C[C@@]123,0
621,CC(C)=CCC/C(C)=C/Cc1cc(/C=C/c2cc(O)c(CC=C(C)C)c(O)c2)cc(O)c1O,0
622,O=C1C=CC(=O)c2ccc(=O)ccc21,0
623,CN(C)c1ccc(/N=C2\C=CC(=C(C#N)C#N)c3ccccc32)cc1,0
624,CN(C)CCCCN1CCc2c(n(C)c3ccccc23)C1=O,0
625,O=C(O)c1cn(C2CC2)c2cc(N3CCNCC3)c(F)cc2c1=O,0
626,CC[C@H](C)C(=O)O[C@H]1CCC=C2C=C[C@H](C)[C@H](CC[C@@H]3C[C@@H](O)CC(=O)O3)[C@H]21,0
627,CN(C)CCO[C@](C)(c1ccccc1)c1ccccn1,0
628,CN1CCN(c2c(Cl)cc(Cl)c3[nH]c4ccccc4c(=O)c23)CC1,0
629,Nc1nc(N)nc(N)n1,0
630,COc1ccc2c(c1)c(CC(=O)O)c(C)n2C(=O)c1ccc(Cl)cc1,0
631,COc1ccc(C(=O)c2c(C(C(=O)c3ccc(OC)cc3)C(=O)c3ccc(OC)cc3)n(C(=O)c3ccc(OC)cc3)c3ccccc23)cc1,0
632,COc1cc([C@H]2Oc3cc(-c4oc5c(CC=C(C)C)c(O)cc(O)c5c(=O)c4O)ccc3O[C@@H]2CO)ccc1O,0
633,CC(C)NC[C@H](O)COc1cccc2ccccc12,0
634,CC(=O)OC(C)(C)/C=C/C(=O)[C@](C)(O)[C@H]1[C@@H](O)C[C@]2(C)[C@H]3CC=C4[C@@H](CC(=O)[C@@H](O)C4(C)C)[C@]3(CO)C(=O)C[C@]12C,0
635,N[C@@H](Cc1ccc(N(CCCl)CCCl)cc1)C(=O)O,0
636,CC(=O)c1sc2c(c1OC(=O)c1ccc(Cl)cc1Cl)c(=O)n(-c1ccccc1)c(=S)n2-c1ccccc1,0
637,COc1ccc2c3c([nH]c2c1)[C@H]1C[C@H]2[C@H](C[C@@H](O)[C@H](OC)[C@H]2C(=O)O)CN1CC3,0
638,CC1(C)S[C@@H]2[C@H](NC(=O)[C@H](N)c3ccccc3)C(=O)N2[C@H]1C(=O)O,0
639,COc1cccc2c1C(=N)c1c(O)c3c(c(O)c1C2=O)C[C@](O)(C(C)=O)C[C@@H]3O[C@@H]1C[C@H](N)[C@H](O)[C@H](C)O1,0
640,COC(=O)Nc1nc2ccc(C(=O)c3ccccc3)cc2[nH]1,0
641,Nc1c2c(nc3ccccc13)CCCC2,0
642,CCN(CC)CC(=O)Nc1c(C)cccc1C,0
643,O=C1CC2(CCCC2)CC(=O)N1CCCCN1CCN(c2ncccn2)CC1,0
644,CC(C)=CCc1cc(C(=O)/C=C/c2ccc(O)c(O)c2)c(O)cc1O,0
645,CCOP(=S)(OCC)Oc1nc(Cl)c(Cl)cc1Cl,0
646,O=C(O)CN(CC(=O)O)Cc1cc2c(cc1O)Oc1cc(O)c(CN(CC(=O)O)CC(=O)O)cc1C21OC(=O)c2ccccc21,0
647,Cc1cc(C)n([C@@H]2O[C@H](CO)[C@H](O)[C@H](O)[C@H]2O)c(=S)c1C#N,0
648,CC(C)=CCc1c(O)cc(O)c2c(=O)cc(-c3ccccc3)oc12,0
649,COC(=O)[C@@]12C(=O)C=CC(=O)[C@@H]1[C@@H]1C(=C[C@@H]2COC(C)=O)O[C@@H]2OC3(CCCCC3)O[C@@H]21,0
650,CC[C@@]1(O)C(=O)OCc2c1cc1n(c2=O)Cc2cc3ccccc3nc2-1,0
651,COCCCC/C(=N/OCCN)c1ccc(C(F)(F)F)cc1,0
652,C[C@H](CS)C(=O)N1CCC[C@H]1C(=O)O,0
653,CCC(C)(C)C(=O)O[C@H]1C[C@@H](C)C=C2C=C[C@H](C)[C@H](CC[C@@H]3C[C@@H](O)CC(=O)O3)[C@H]21,0
654,COC(=O)C1=C(C(=O)OC)N(c2ccc(OC)cc2[N+](=O)[O-])C(c2ccc(C)cc2)=C[C@H]1c1ccc(OC)cc1OC,0
655,O=C(O)[C@H]1C[C@H](Oc2ccc3ccc(=O)oc3c2)[C@H](O)[C@@H](O)[C@H]1O,0
656,C[C@@](O)(/C=C/[C@@H]1CC=CC(=O)O1)[C@@H](C[C@@H](O)/C=C/C=C/C=C/CO)OP(=O)(O)O,0
657,N#Cc1cc2c(n([C@H]3O[C@@H](CO)[C@@H](O)[C@@H](O)[C@H]3O)c1=S)CCCCCC2,0
658,C[C@@H](O)[C@H]1C(=O)N2C(C(=O)O)=C(S[C@@H]3CN[C@H](C(=O)Nc4cccc(C(=O)O)c4)C3)[C@H](C)[C@H]12,0
659,O=C1CN=C(c2ccccc2)c2cc([N+](=O)[O-])ccc2N1,0
660,COc1ccc2cc([C@@H](C)C(=O)O)ccc2c1,0
661,COc1cc2c(cc1OC)CN(CCc1ccc(NC(=O)c3cccc4c(=O)c5cccc(OC)c5[nH]c34)cc1)CC2,0
662,C[C@H](CCC(=O)NCCS(=O)(=O)O)[C@H]1CC[C@H]2[C@@H]3[C@H](O)C[C@@H]4C[C@H](O)CC[C@]4(C)[C@H]3C[C@H](O)[C@]12C,0
663,CC(C)CCCCCCCCCCCCC(=O)NCC(=O)N[C@@H]1[C@@H](O)[C@H](O)[C@@H](Nc2ncnc3nc[nH]c23)O[C@H]1C,0
664,CC[C@H]1C(=O)Nc2ccc(F)cc2N1C(=O)OC(C)C,0
665,CC(=O)O[C@@H](C)c1cc2c(s1)C(=O)c1scc([C@H](C)OC(C)=O)c1C2=O,0
666,COc1cc2c(cc1OC)-c1cc3cc(OC)c(OC)cc3c(=O)n1CC2,0
667,CC(C)(C)NC[C@@H](O)c1cc(O)cc(O)c1,0
668,CC(=O)OCOC(=O)CCCc1cc2c(cc1OC(C)=O)Oc1cc(OC(C)=O)c(CCCC(=O)OCOC(C)=O)cc1C21OC(=O)c2cc(C(=O)OCOC(C)=O)ccc21,0
669,CNC(=O)O/N=C/C(C)(C)SC,0
670,CO[C@@H]1C[C@](C)(O)Cc2cc3c(c(O)c21)C(=O)c1c(O)cc2c(c1C3=O)O[C@@H]1O[C@@]2(C)[C@@H](O)[C@@H](N(C)C)[C@@H]1O,0
671,Cc1cc2c(c3c1c1ccccc1n3C)C(=O)C=CC2=O,0
672,C[C@@H](CN1CC(=O)NC(=O)C1)N1CC(=O)NC(=O)C1,0
673,COC(=O)C1=C(C)NC(C)=C(C(=O)OCCN(C)Cc2ccccc2)[C@@H]1c1cccc([N+](=O)[O-])c1,0
674,CCN1C[C@H](CCN2CCOCC2)C(c2ccccc2)(c2ccccc2)C1=O,0
675,O=C(O)c1ccc2c(c1)C(=O)OC21c2ccc(O)cc2Oc2cc(O)ccc21,0
676,c1ccc2c(c1)cc1ccc3cccc4ccc2c1c34,0
677,CC[C@H](CC[C@@H](C)[C@H]1CC[C@H]2[C@H]3CC[C@H]4C[C@@H](O)CC[C@]4(C)[C@H]3CC[C@]12C)C(C)C,0
678,CN(C)c1cccc(/C=C(\C#N)c2ccccc2)c1,0
679,O=C1CC[C@@]2(O)[C@H]3Cc4ccc(O)c5c4[C@@]2(CCN3CC2CC2)[C@H]1O5,0
680,COc1ccc2c(=O)c(-c3cc(OC)c(OC)cc3OC)coc2c1,0
681,Oc1ccc2[nH]cc(CCCCN3CC=C(c4ccccc4)CC3)c2c1,0
682,Clc1ccccc1C(c1ccccc1)(c1ccccc1)n1ccnc1,0
683,COc1ccc2c(c1OC)C(=O)O[C@@H]2[C@H]1c2c(cc3c(c2OC)OCO3)CCN1C,0
684,Cc1ccc(/C=C2\CNC/C(=C\c3ccc(C)cc3)C2=O)cc1,0
685,CC(=O)CCC[C@@H](C)[C@@H]1O[C@H]([C@]2(C)CCC(=O)O2)C[C@@H]2[C@H]1OC(=O)[C@H]2CSc1ccccc1,0
686,CO[C@H]1[C@@H](OC(=O)/C=C/C=C/C=C/C=C/C(=O)O)CC[C@]2(CO2)[C@H]1[C@@]1(C)O[C@@H]1CC=C(C)C,0
687,O=C(CC(=O)c1ccccc1/N=C1\CC(=O)C(=O)c2ccccc21)C(=O)Nc1cccc(C(F)(F)F)c1,0
688,CC(=O)N1CCN(c2ccc(OC[C@H]3CO[C@](Cn4ccnc4)(c4ccc(Cl)cc4Cl)O3)cc2)CC1,0
689,COc1cc(CNc2ccc(SC)cc2)cc(OC)c1OC,0
690,C=CC(=O)N1C/C(=C\c2ccc(Cl)cc2)C(=O)/C(=C/c2ccc(Cl)cc2)C1,0
691,CC1=C[C@H](C)[C@H](C)N(CC2=NCCN2)c2ccccc21,0
692,COc1ccc(/C=C/c2cc(OC)c(OC)c(OC)c2)cc1OCC(=O)O,0
693,COc1cc(O)c(Cc2ccccc2O)c(O)c1C(=O)CCc1ccccc1,0
694,O=C(O)c1ccccc1O,0
695,C[C@@H]1CN(c2nc(N(CCO)CC(C)(C)O)c3nc(-c4ccccc4)c(N4C[C@@H](C)O[C@@H](C)C4)nc3n2)C[C@H](C)O1,0
696,C=C1CC2(C[C@@H](c3ccccc3C)O[C@H](c3ccccc3C)C2)OC1=O,0
697,COc1cc2cc(C(=O)N3C[C@H](CCl)c4ccc(NCCN)cc43)[nH]c2c(OC)c1OC,0
698,CCC(=O)N(c1ccccc1)C1(COC)CCN(CCc2cccs2)CC1,0
699,ClC1(Cl)[C@]2(Cl)[C@@]3(Cl)[C@]4(Cl)C(Cl)(Cl)[C@@]5(Cl)[C@](Cl)([C@]1(Cl)[C@]53Cl)[C@]24Cl,0
700,CC(=O)OC[C@H]1O[C@@H](n2c(C)c(C(C)=O)c(-c3ccco3)c(C#N)c2=S)[C@H](OC(C)=O)[C@@H](OC(C)=O)[C@H]1OC(C)=O,0
701,CSc1nc(-c2ccc(C)cc2)c(C#N)c(=O)[nH]1,0
702,C#Cc1cccc(-n2c(O)ccc2O)c1,0
703,Nc1nc(N)c2nc(-c3ccccc3)c(N)nc2n1,0
704,CC[C@]1(c2ccccc2)C(=O)NC(=O)N(C)C1=O,0
705,CCCCOC(=O)[C@@H](C)Oc1ccc(Oc2ccc(C(F)(F)F)cn2)cc1,0
706,COc1ccc(Cc2cc(OC)c(OC)c(OC)c2)cc1O,0
707,OC[C@@H](O)[C@@H](O)[C@H](O)[C@H](O)CO,0
708,COC(=O)C1=C(C)NC(C)=C(C(=O)OC)C1c1ccccc1[N+](=O)[O-],0
709,COc1ccc2[nH]cc([C@H]3[C@@H]4CC[C@@H](C4)[C@@H]3NCc3cccc(CN[C@H]4[C@@H]5CC[C@@H](C5)[C@@H]4c4c[nH]c5ccc(OC)cc45)c3)c2c1,0
710,O=c1c(Cc2ccc3ccccc3c2)nc2c(Cc3ccccc3)[nH]c(-c3ccc(O)cc3)cn1-2,0
711,CN(/N=C/c1cccc2cccnc12)c1ccc([N+](=O)[O-])cc1[N+](=O)[O-],0
712,COc1cccc2c1C(=O)c1c(O)c3c(c(O)c1C2=O)C[C@@](O)(C(C)=O)C[C@H]3O[C@H]1C[C@@H](n2cc(CCO)nn2)[C@@H](O)[C@@H](C)O1,0
713,CCCCC(=O)N(Cc1ccc(-c2ccccc2-c2nnn[nH]2)cc1)[C@H](C(=O)O)C(C)C,0
714,CNC(=O)Oc1cccc2ccccc12,0
715,Cc1cccc(C)c1OC[C@@H](C)N,0
716,Cc1cc2nc(C=C(C(F)(F)F)C(F)(F)F)sc2cc1C,0
717,O=C1C(Cl)=C(Cl)C(=O)N1c1ccc(F)cc1,0
718,CCCC[C@@H](C)[C@@H](OC(=O)C[C@@H](CC(=O)O)C(=O)O)[C@H](C[C@@H](C)C[C@H](O)CCCC[C@@H](O)C[C@H](O)[C@H](C)N)OC(=O)C[C@@H](CC(=O)O)C(=O)O,0
719,CCN(CCCl)CCNc1c2ccccc2nc2ccc(OC)cc12,0
720,O=C1C(CO)=C(CO)C(=O)c2c(O)ccc(O)c21,0
721,Nc1nc2c(ncn2COCCO)c(=O)[nH]1,0
722,CN1CCC[C@@H]1CCO[C@](C)(c1ccccc1)c1ccc(Cl)cc1,0
723,O=Cc1cc(O)ccc1Br,0
724,COc1cc(/C=C/c2ccc(C)cc2)cc(OC)c1OC,0
725,COc1cc(Nc2c(C#N)cnc3cc(OCCCN4CCN(C)CC4)c(OC)cc23)c(Cl)cc1Cl,0
726,CC(C)=CCC/C(C)=C/CC/C(C)=C/CSC[C@@H](N)C(=O)O,0
727,S=C1/C(=N\c2ccccc2)N(c2ccccc2)C(=[N+]=c2ccccn2Cc2ccccc2)N1c1ccccc1,0
728,CCCC(C)(COC(N)=O)COC(N)=O,0
729,NS(=O)(=O)Cc1noc2ccccc12,0
730,COC(=O)[C@H](N)CS,0
731,CO[C@@H]1[C@@H](O[C@@H]2O[C@H](C)[C@@H](O[C@H]3C[C@@](C)(O)[C@@H](OC(=O)CC(C)C)[C@H](C)O3)[C@H](N(C)C)[C@H]2O)[C@@H](CC=O)C[C@@H](C)[C@@H](O)/C=C\C=C\C[C@@H](C)OC(=O)C[C@H]1OC(C)=O,0
732,COc1cc2c(cc1OC)CN(CCCC1=CCCc3cc(OC)c(OC)cc31)CC2,0
733,O=c1ncccn1[C@@H]1O[C@H](CO)[C@@H](O)[C@H]1O,0
734,O=[P@@]1(N(CCCl)CCCl)NCCCO1,0
735,N#Cc1cc2c(n([C@@H]3O[C@H](CO)[C@H](O)[C@H](O)[C@H]3O)c1=S)CCCC2,0
736,COc1cccc2c1[C@@H]1CO[C@@H]3[C@@H]4C[C@@H](C(=O)O)[C@H]([C@H](C2)N31)N4C,0
737,CNC(=O)ON(C(C)=O)C(=O)NC,0
738,COCCc1ccc(OC[C@H](O)CNC(C)C)cc1,0
739,COC(=O)C1=C(C(=O)Nc2cccnc2Cl)N(c2ccc(OC)cc2[N+](=O)[O-])C(c2ccc(C)cc2)=C[C@H]1c1ccc(OC)cc1OC,0
740,CC(C)CCC[C@@H](C)[C@H]1CC[C@H]2[C@@H]3CC[C@H]4C[C@@H](O)CC[C@]4(C)[C@H]3CC[C@]12C,0
741,CC(=O)[C@]1(O)Cc2c(O)c3c(c(O)c2[C@H](O[C@H]2C[C@@H](N)[C@H](O)[C@@H](C)O2)C1)C(=O)c1c(OCc2ccccc2)cccc1C3=O,0
742,O=C1C(CC[S@@](=O)c2ccccc2)C(=O)N(c2ccccc2)N1c1ccccc1,0
743,Cc1cn(-c2cc(NC(=O)c3ccc(C)c(Nc4nccc(-c5cccnc5)n4)c3)cc(C(F)(F)F)c2)cn1,0
744,C#C[C@H](CC(=O)O)NC(=O)CN1CCc2ccc(N3CCNCC3)cc2C1=O,0
745,CN(C)C(=S)SN(C)C(=O)Nc1ccccc1,0
746,O[C@](CCN1CCCC1)(c1ccccc1)C1CCCCC1,0
747,CC(C)(C)c1nc2c(o1)/C(=N\c1ccc(F)cc1)c1ccccc1C2=O,0
748,COc1cc(/C=C/C(=O)CC(=O)/C=C/c2ccc(O)cc2)ccc1O,0
749,CC(=O)N/C=C/c1cc(O)ccc1O,0
750,CCC[S@](=O)c1ccc2nc(NC(=O)OC)[nH]c2c1,0
751,O=C(O)[C@H]1O[C@@H](Oc2ccc3c(c2)S[C@H](c2ccc(O)cc2)[C@H]3C(=O)c2ccc(OCCN3CCCCC3)cc2)[C@H](O)[C@@H](O)[C@@H]1O,0
752,O=NN(CCCl)C(=O)NCCCl,0
753,COC(=O)Nc1nc2ccc(Sc3ccccc3)cc2[nH]1,0
754,Cc1cc(=O)n(-c2ccccc2)n1C,0
755,COC(=O)C1=C(C)NC(C)=C(C(=O)OC(C)C)[C@@H]1c1cccc2nonc12,0
756,COc1cc2c3c(n(C)c(=O)c2cc1OC)-c1cc2c(cc1C3=O)OCO2,0
757,CC(C)c1cccc(C(C)C)c1NC(=O)CN(CC(=O)O)CC(=O)O,0
758,CC[C@@]1(C)CC(=O)NC1=O,0
759,CN(C)C(=O)Oc1ccc[n+](C)c1,0
760,O=C[C@H](CO)O[C@@H](C=O)c1c[nH]c(=O)[nH]c1=O,0
761,CC[C@](C)(O)C(=O)O[C@H]1C(=O)O[C@@H]2C[C@H]3C(C)=CC(=O)[C@@H](O)[C@]3(C)[C@H]3[C@@]4(O)OC[C@]32[C@@H]1[C@@H](C)[C@H]4O,0
762,C=C1[C@@H](C)[C@H]2[C@H](Cc3ccccc3)NC(=O)[C@]23[C@H](OC(C)=O)/C=C\[C@@](C)(O)C(=O)[C@@H](C)C/C=C\[C@H]3[C@@H]1O,0
763,CC(=O)Nc1ccc(OC[C@H](O)CNC(C)C)cc1,0
764,O=c1cc(-c2ccc(O)cc2)oc2cc(O)cc(O)c12,0
765,O=c1n(CCCN2CCN(c3cccc(Cl)c3)CC2)nc2ccccn12,0
766,CCN1CCC[C@H]1CNC(=O)c1cc(S(N)(=O)=O)ccc1OC,0
767,C=CC(=O)N1C/C(=C\c2ccc(F)cc2)C(=O)/C(=C/c2ccc(F)cc2)C1,0
768,Cc1cccc2c(NCCN(C)C)c3cccc(C(=O)NCCN(C)C)c3nc12,0
769,CCn1c(SCc2nnc(Nc3ccccc3)s2)nc2ccccc2c1=O,0
770,CNCCC[C@]12CC[C@H](c3ccccc31)c1ccccc12,0
771,COc1ccc(-c2nc(N)c(C#N)c3c2CCSc2ccc(C)cc2-3)cc1OC,0
772,C/C(CCN(C)C)=N/O,0
773,C#CCN(C)[C@H](C)Cc1ccccc1,0
774,COc1cc([C@@H]2c3cc4c(cc3[C@@H](O)[C@H]3COC(=O)[C@H]23)OCO4)cc(OC)c1OC,0
775,CN(C)CC[C@@H](c1ccccc1)c1ccccn1,0
776,O=C(O)[C@H]1O[C@@H](Oc2ccc([C@H]3Sc4cc(O)ccc4[C@@H]3C(=O)c3ccc(OCCN4CCCCC4)cc3)cc2)[C@H](O)[C@@H](O)[C@@H]1O,0
777,C[C@@H]1C(=O)[C@H](C)[C@@H](c2ccccc2)N(C)[C@H]1c1ccccc1,0
778,CCOC(=O)c1ncn2c1CN(C)C(=O)c1cc(F)ccc1-2,0
779,COc1ccc(-c2coc3cc(O)cc(O)c3c2=O)cc1,0
780,O=C1C[C@@H](Sc2ccccc2)C2(OCCO2)[C@H](Sc2ccccc2)C1,0
781,CCN(CC)CCC(=O)N1C/C(=C\c2ccccc2)C(=O)/C(=C/c2ccccc2)C1,0
782,CCn1cc(C(=O)O)c(=O)c2cc(F)c(N3CCN[C@@H](C)C3)c(F)c21,0
783,COc1cc2[nH]c3c(c2cc1OC)CCN[C@@]31CC[C@@]2(C[C@@H]1OC)C[C@H]1c3c(cc(OC)c(O)c32)CCN1C,0
784,O=C(O)CCCc1cc2c(cc1O)Oc1cc(O)c(CCCC(=O)O)cc1C21OC(=O)c2cc(C(=O)O)ccc21,0
785,NCc1ccc(O)c(O)c1O,0
786,CN(C)CC[C@@H](c1ccc(Cl)cc1)c1ccccn1,0
787,CN1[C@@H]2C[C@@H](OC(=O)[C@H](CO)c3ccccc3)C[C@H]1[C@@H]1O[C@@H]12,0
788,O=c1[nH]c(=O)n([C@@H]2O[C@H](CO)[C@@H](O)[C@H]2O)cc1F,0
789,CC(C)=CCC/C(C)=C/Cc1c(O)cc(O)c2c(=O)cc(-c3ccccc3)oc12,0
790,CCCCN1C(=O)C(=C/C=C/C=C2\Oc3ccccc3N2CCCS(=O)(=O)O)C(=O)N(CCCC)C1=S,0
791,Cc1cc(C#N)cc(C)c1Oc1nc(Nc2ccc(C#N)cc2)nc(N)c1Br,0
792,COc1cccc2c1C(=O)c1c(O)c3c(c(O)c1C2=O)C[C@@](O)(C(C)=O)C[C@H]3O[C@H]1C[C@@H](N=[N+]=[N-])[C@@H](O)[C@@H](C)O1,0
793,CC/C(=C(\c1ccccc1)c1ccc(OCCN(C)C)cc1)c1ccccc1,0
794,N#Cc1c(-c2ccco2)c2c(n([C@H]3O[C@@H](CO)[C@@H](O)[C@@H](O)[C@H]3O)c1=S)CCCC2,0
795,S=C=NCCc1ccccc1,0
796,O=C(/C=C/c1ccc(O)cc1)CC(=O)/C=C/c1ccc(O)cc1,0
797,COc1ccc(C(c2ccc(OC)cc2)C(Cl)(Cl)Cl)cc1,0
798,O=[N+]([O-])C(F)(CN(COCN(CC(F)([N+](=O)[O-])[N+](=O)[O-])CC(F)([N+](=O)[O-])[N+](=O)[O-])CC(F)([N+](=O)[O-])[N+](=O)[O-])[N+](=O)[O-],0
799,CC(C)[C@H](C)CC[C@@H](C)[C@H]1CC[C@H]2[C@@H]3CC=C4C[C@@H](O)CC[C@]4(C)[C@H]3CC[C@]12C,0
800,O=C1N=NC(=O)N1c1cc(C(F)(F)F)cc(C(F)(F)F)c1,0
801,COc1ccc2[nH]c3c(C)c4ccnc(NCCCN(C)CCCNc5ccc6ncn7c8ccccc8c(=O)c5c67)c4c(C)c3c2c1,0
802,CNC(=O)Oc1ccc(N(C)C)c(C)c1,0
803,O=C(/C=C/c1ccccc1)c1ccccc1,0
804,CC[C@H](/C=C/[C@@H](C)[C@H]1CC[C@H]2[C@@H]3CC=C4C[C@@H](O)CC[C@]4(C)[C@H]3CC[C@]12C)C(C)C,0
805,CN1C[C@H](CNC(=O)OCc2ccccc2)C[C@@H]2c3cccc4c3c(cn4C)C[C@H]21,0
806,COc1cccc2c1C(=O)c1c(O)c3c(c(O)c1C2=O)C[C@@](O)(C(C)=O)C[C@H]3O[C@H]1C[C@@H](n2cc(CCCO)nn2)[C@@H](O)[C@@H](C)O1,0
807,Cc1ccc(/C(=C/CN2CCCC2)c2cccc(/C=C/C(=O)OC(C)C)n2)cc1,0
808,COc1cc([C@@H]2c3cc4c(cc3C[C@H]3COC(=O)[C@@H]32)OCO4)cc(OC)c1OC,0
809,COc1ccccc1NS(=O)(=O)c1cc(C(C)(C)C)ccc1OCCOc1ccc(C(C)(C)C)cc1S(=O)(=O)Nc1ccccc1OC,0
810,CCCCCCCCCCCCCCCC(=O)OC[C@@H]1O[C@H](OC)[C@H]2N[P@@](=O)(N(CCCl)CCCl)O[C@@H]1[C@@H]2O,0
811,CC(=O)Oc1ccccc1C(=O)O,0
812,O=C(Nc1ccncc1)C(=O)c1cn(Cc2ccc(Cl)cc2)c2ccccc12,0
813,CCCCc1nc(Cl)c(C(=O)O)n1Cc1ccc(-c2ccccc2-c2nnn[nH]2)cc1,0
814,Cc1nnc(N)nc1C/C=C/[C@H](C)Sc1ccc(Cl)cc1,0
815,CO[C@@H]1C[C@@H](C[C@H]2CC[C@H](C)[C@H]([C@@H](C)C(=O)O)O2)O[C@]2(O[C@](C)([C@H]3CC[C@@](C)([C@@H]4O[C@@H]([C@H]5O[C@@](O)(CO)[C@H](C)C[C@@H]5C)C[C@@H]4C)O3)C[C@H]2C)[C@@H]1C,0
816,Cc1nc2c(O)c3c(c(O)c2nc1C)C1=C=C=C3CC1,0
817,CO[C@]12CC[C@@]3(C[C@@H]1C(C)(C)O)[C@H]1Cc4ccc(O)c5c4[C@@]3(CCN1CC1CC1)[C@H]2O5,0
818,O=C1NC[C@H](F)C(=O)N1,0
819,C=C1C(=O)C=C2C=C3C(=O)C(C)(C)C[C@]3(O)[C@@]12C,0
820,COc1ccc(Br)c(/C=N/c2cccc3cc(OC)c(OC)cc23)c1,0
821,COc1ccc2nc3c([N+](=O)[O-])ccc4c3c(c2c1)N(CCCN(C)C)C(=S)N4CCCN(C)C,0
822,CN1C(C(=O)Nc2ccccn2)=C(O)c2ccccc2S1(=O)=O,0
823,CO/N=C(/C(=O)N[C@@H]1C(=O)N2C(C(=O)O)=C(CSc3nc(=O)c(=O)[nH]n3C)CS[C@H]12)c1csc(N)n1,0
824,COc1ccc([C@@H]2COc3c(ccc(O)c3C)C2)cc1OC,0
825,O=C(C=P(c1ccccc1)(c1ccccc1)c1ccccc1)c1ccccc1-c1ccccc1C(=O)C=P(c1ccccc1)(c1ccccc1)c1ccccc1,0
826,Cn1c(O)c(C(=O)Nc2ccc([N+](=O)[O-])cc2)c(=O)n(C)c1=S,0
827,Cn1c(=O)c2c(ncn2C)n(C)c1=O,0
828,CCN1CCN(c2cc(-c3ccc(F)cc3)c3c(n2)CCCCCC3)CC1,0
829,CC(=O)C[C@H](c1ccccc1)c1c(O)c2ccccc2oc1=O,0
830,C=C[C@@]1(C)C[C@H](O)[C@@H]2C(=C)C(=O)O[C@@H]2[C@@H]1C(=C)C=O,0
831,NS(=O)(=O)c1cc(C(=O)O)c(NCc2ccco2)cc1Cl,0
832,Cc1ccc(C)c(NC(=O)CC/C(=N/NC(=O)c2c(O)ccc3ccccc23)[C@@H](C)C(=O)c2ccc(O)cc2)c1,0
833,CCCC(=O)Oc1c2ccsc2c(OC(=O)CCC)c2ccsc12,0
834,CN(C)CC/C=C1/c2ccccc2COc2ccccc21,0
835,O=C1C(O)=C([C@H]2CC[C@H](c3ccc(Cl)cc3)CC2)C(=O)c2ccccc21,0
836,COc1nc(C(Cl)(Cl)Cl)c(Cl)c(OC)c1Cl,0
837,C[C@H](CN(C)C)CN1c2ccccc2CCc2ccccc21,0
838,C[n+]1ccc(-c2cc[n+](C)cc2)cc1,0
839,COc1cc(OC)cc(-c2cc(=O)c3cc4c(cc3[nH]2)OCO4)c1,0
840,N[C@]12C[C@H]3C[C@H](C[C@H](C3)C1)C2,0
841,CC1(C)O[C@]2(C)CC[C@H]1CC2,0
842,CCOC(=O)[C@H](CC(C)C)NC(=O)[C@@H](Cc1ccc(N(CCCl)CCCl)cc1)NC(C)=O,0
843,CCCC(=O)O,0
844,CN(C)CCCN1c2ccccc2Sc2ccccc21,0
845,COc1ccc2cc1Oc1ccc(cc1)C[C@H]1c3cc(c(OC)cc3CCN1C)Oc1c(OC)c(OC)cc3c1[C@H](C2)N(C)CC3,0
846,CCN(CC)[C@H]1Oc2cc3c(cc2[C@H](c2cc(OC)c(O)c(OC)c2)[C@H]1C)OCO3,0
847,CC(=O)Nc1cc2c3c(cccc3c1)C(=O)N(CCN(C)C)C2=O,0
848,c1ccc(CN2CCc3[nH]c4ccccc4c3C2)cc1,0
849,CCN(CC)CCN1C(=O)CN=C(c2ccccc2F)c2cc(Cl)ccc21,0
850,N=C(N)Nc1ccc(C(=O)Oc2ccc3cc(C(=N)N)ccc3c2)cc1,0
851,COC1=CC(=O)c2c(O)c3c(c(O)c2C1=O)C=C(C)O[C@H]3O,0
852,COc1c(O)cc(C(=O)O[C@@H]2Cc3c(O)cc(O)cc3O[C@@H]2c2cc(O)c(O)c(O)c2)cc1O,0
853,OC(c1ccccc1)(c1ccccc1)C1CCNCC1,0
854,O=C(/C=C/c1ccc(O)c(O)c1)c1ccc(O)cc1O,0
855,O=C1C=CC(=O)c2cc(Sc3ccccc3)c(=O)ccc21,0
856,C[C@H](CCC(=O)NCCC[N+](C)(C)CCCS(=O)(=O)O)[C@H]1CC[C@H]2[C@@H]3[C@H](O)C[C@@H]4C[C@H](O)CC[C@]4(C)[C@H]3C[C@H](O)[C@]12C,0
857,C[C@@H]1CCC/C=C\[C@@H]2C[C@H](O)C[C@H]2[C@@H](O)/C=C\C(=O)O1,0
858,CC1=C(C(=O)Nc2ccc(Cl)c(C(=O)OC(C)C)c2)SCCO1,0
859,CC#C[C@]1(O)CC[C@H]2[C@@H]3CCC4=CC(=O)CCC4=C3[C@@H](c3ccc(N(C)C)cc3)C[C@@]21C,0
860,C=CCOc1ccccc1OC[C@H](O)CNC(C)C,0
861,COc1ccc([C@H]2C(C(C)=O)=C(c3ccccc3)N([C@H]3O[C@@H](COC(C)=O)[C@@H](OC(C)=O)[C@@H](OC(C)=O)[C@H]3OC(C)=O)C(=S)[C@@H]2C#N)cc1,0
862,COc1cccc([C@H]2c3cc4c(cc3O[C@H](N3CCCC3)[C@@H]2C)OCO4)c1O,0
863,CCOC(=O)C1(c2ccccc2)CCN(C)CC1,0
864,COc1ccccc1[C@H]1SCC(=O)N1c1ccc(-c2ccc(-n3c(-c4ccccc4)nc4ccccc4c3=O)cc2)cc1,0
865,CC(=O)Nc1ccc(O)cc1,0
866,CCCCCCCCCCCCC/C=C/[C@@H](O)[C@@H](N)CO,0
867,CO[C@]12CC[C@@]3(C[C@@H]1[C@](C)(O)C(C)(C)C)[C@H]1Cc4ccc(O)c5c4[C@@]3(CCN1CC1CC1)[C@H]2O5,0
868,CN1c2c(nc(N)[nH]c2=O)NC[C@H]1CCNc1ccc(C(=O)N[C@@H](CCC(=O)O)C(=O)O)cc1,0
869,CNCCC=C1c2ccccc2CCc2ccccc21,0
870,CC[C@H](CC[C@@H](C)[C@H]1CC[C@H]2[C@@H]3CC=C4C[C@@H](O)CC[C@]4(C)[C@H]3CC[C@]12C)C(C)C,0
871,COc1cc([N+](=O)[O-])c([N+](=O)[O-])cc1N,0
872,CC(C)Cc1ccc([C@@H](C)C(=O)O)cc1,0
873,CN(C)C/C=C(\c1ccc(Br)cc1)c1cccnc1,0
874,COc1cc2c(c(OC)c1OC)-c1ccc(OC)c(=O)cc1[C@@H](N)CC2,0
875,C[C@]12CCC(=O)C=C1CC[C@@H]1[C@@H]2CC[C@@]2(C)[C@H]1CC[C@]2(O)C(=O)CO,0
876,COc1cc(/C=C/C(=O)CC(=O)/C=C/c2ccc(O)c(OC)c2)ccc1O,0
877,CC(=O)OC[C@H]1O[C@@H](n2c3c(cc(C#N)c2=S)CCCC3)[C@H](OC(C)=O)[C@@H](OC(C)=O)[C@H]1OC(C)=O,0
878,Nc1ccc(S(=O)(=O)Nc2ccccn2)cc1,0
879,c1cc(Cn2cnc3ccccc32)cc(-c2nn[nH]n2)c1,0
880,O=c1c2ccccc2n(CCCn2c3ccccc3c(=O)c3ccccc32)c2ccccc12,0
881,Cc1cc(O)c2c(c1)C[C@H](O)C1=C2C(=O)c2c(O)ccc(O[C@H]3C[C@@H](O)[C@@H](O[C@H]4C[C@H](O[C@H]5CC[C@H](O[C@H]6C[C@@H](O)[C@@H](O[C@@H]7C[C@H](O[C@@H]8CC[C@H](O)[C@H](C)O8)[C@H](O)[C@H](C)O7)[C@H](C)O6)[C@H](C)O5)[C@H](O)[C@H](C)O4)[C@H](C)O3)c2C1=O,0
882,COc1ccc(Cc2c(-c3ccc(C)cc3)n[nH]c(=O)c2-c2c(-c3ccccc3)[nH]n(-c3ccccc3)c2=O)cc1,0
883,C[C@@H](O)[C@H]1C(=O)N2C(C(=O)O)=C(S[C@@H]3CN[C@H](C(=O)Nc4cccc(C(=O)[O-])c4)C3)[C@H](C)[C@H]12,0
884,O=C1CN=C(c2ccccc2)c2cc(Cl)ccc2N1,0
885,O=C(O[C@@H]1Cc2c(O)cc(O)cc2O[C@@H]1c1cc(O)c(O)c(O)c1)c1cc(O)c(O)c(O)c1,0
886,CN1C(=O)[C@@H](NC(=O)c2cc3ccccc3[nH]2)N=C(c2ccccc2)c2ccccc21,0
887,NC(=O)Nc1ccccc1C(=O)c1ccccc1,0
888,CN[C@@]1(c2ccccc2Cl)CCCCC1=O,0
889,CN(C)CCN1C(=O)c2cccc3cc(N)cc(c23)C1=O,0
890,C=C[C@H](N)CCC(=O)O,0
891,Cc1c2cnccc2c(C)c2c1c1ccccc1n2C[C@@H]1CO1,0
892,COc1ccc(Cl)cc1C(=O)NCCc1ccc(S(=O)(=O)NC(=O)NC2CCCCC2)cc1,0
893,C=C[C@]1(C)OC(=O)N(c2cc(Cl)cc(Cl)c2)C1=O,0
894,COc1cc([C@@H]2c3cc4c(cc3[C@H](O)[C@H]3COC(=O)[C@H]23)OCO4)cc(OC)c1OC,0
895,CC(=O)C(=Cc1cn(C)c(=O)n(C)c1=O)C(C)=O,0
896,CC(=O)c1c(O)c(C)c(O)c2c1OC1=CC(=O)[C@H](C(C)=O)C(=O)[C@]12C,0
897,ClC1=C(Cl)[C@]2(Cl)[C@@H]3[C@@H]4C[C@@H]([C@H]5O[C@@H]45)[C@@H]3[C@@]1(Cl)C2(Cl)Cl,0
898,COc1ccccc1COc1ccccc1CCc1ccccc1,0
899,CCC(=O)N(c1ccccc1)C1(COC)CCN(CCn2nnn(CC)c2=O)CC1,0
900,C=CCN1CC[C@]23c4c5ccc(O)c4O[C@H]2C(=O)CC[C@@]3(O)[C@H]1C5,0
901,CS(=O)(=O)c1c(N)c2nc(Cl)cn2c2nc3ccccc3nc12,0
902,CC(=O)OC[C@H]1O[C@@H](n2c3c(cc(C#N)c2=S)CCCCCC3)[C@H](OC(C)=O)[C@@H](OC(C)=O)[C@H]1OC(C)=O,0
903,Clc1ccc([C@@H](c2ccccc2Cl)C(Cl)Cl)cc1,0
904,CN[C@@H]1c2cc3c(cc2[C@@H](c2cc(OC)c(OC)c(OC)c2)[C@H]2C(=O)OC[C@@H]21)OCO3,0
905,N[C@H](Cc1cc(I)c(Oc2cc(I)c(O)c(I)c2)c(I)c1)C(=O)O,0
906,CC(=O)c1c(-c2ccco2)c(C#N)c(=S)n([C@@H]2O[C@H](CO)[C@H](O)[C@H](O)[C@H]2O)c1C,0
907,O=[N+]([O-])c1cccc2nc3ccccc3c(NCCCCCNc3c4ccccc4nc4cccc([N+](=O)[O-])c34)c12,0
908,C#C[C@]1(O)CC[C@H]2[C@@H]3CCC4=CC(=O)CC[C@@H]4[C@H]3CC[C@@]21C,0
909,CCCSc1ccc2nc(NC(=O)OC)[nH]c2c1,0
910,COc1cc2c(cc1OC)[C@@H](SC)C(=O)N(Cc1cccc(OC)c1OC)CC2,0
911,NC(=O)CCC/N=C(/c1ccc(Cl)cc1)c1cc(F)ccc1O,0
912,CC(=O)OC1=C[C@H](n2cc(F)c(=O)[nH]c2=O)O[C@H](C)C1=O,0
913,CC(=O)Oc1cc2c(cc1OC(C)=O)OC[C@H](c1ccc(C)cc1)C2,0
914,COc1ccc(-n2c(O)c3c(c2O)[C@@H]2C[C@H](c4ccccc4)CC[C@H]2c2c-3[nH]c3ccccc23)cc1,0
915,CN(C)C[C@@H]1CCCC1=O,0
